,openmlid,learner,max_anchor_seen,prediction,beta,fails_init,fails_fit,MSE_trn,MSE_tst,MSE_tst_last,L1_trn,L1_tst,L1_tst_last,n,curve_model,anchor_prediction,score,percentage,percentage_bucket
4608,16,sklearn.linear_model.LogisticRegression,45,"[0.57064642 0.65970981 0.73620802 0.80514207 0.86216276 0.90409633
 0.93207273 0.95055266 0.9619599  0.96872191 0.97261614 0.97480578
 0.97601803 0.9768213 ]",[  0.97745382 499.47932329   1.83256342  32.49390818],0,0,3.4265233342757887e-06,0.0004986375866214346,0.00048673626453153295,0.0016461600604908422,0.0215945966013263,0.02206210018406074,4,pow4,"[16, 23, 32, 45, 64, 91, 128, 181, 256, 362, 512, 724, 1024, 1620]","[0.571332  0.6572864 0.7387592 0.8042176 0.8550632 0.8886256 0.9102696
 0.9249304 0.9359096 0.9427112 0.9478688 0.950228  0.953516  0.9547592]",0.027777777777777776,0.05
4609,16,sklearn.linear_model.LogisticRegression,64,"[0.57024449 0.66049017 0.73674357 0.80343405 0.85593333 0.89181556
 0.91355263 0.92630138 0.93313187 0.9365809  0.93824704 0.93902335
 0.93937619 0.93956216]",[9.39655100e-01 8.71051774e+03 2.47515246e+00 4.24213822e+01],0,0,3.3761388276343846e-06,7.968187317470342e-05,0.00023095013354293225,0.00159211889736115,0.007435029249876429,0.015197043579029845,5,pow4,"[16, 23, 32, 45, 64, 91, 128, 181, 256, 362, 512, 724, 1024, 1620]","[0.571332  0.6572864 0.7387592 0.8042176 0.8550632 0.8886256 0.9102696
 0.9249304 0.9359096 0.9427112 0.9478688 0.950228  0.953516  0.9547592]",0.03950617283950617,0.05
4610,16,sklearn.linear_model.LogisticRegression,91,"[0.57009843 0.66060766 0.7370568  0.80349776 0.85499663 0.88922977
 0.9091296  0.92017591 0.92569774 0.92826682 0.92939829 0.9298748
 0.93006926 0.93015966]",[9.30195724e-01 5.13677867e+04 2.84050855e+00 4.92468010e+01],0,0,2.723043784761884e-06,0.0002808907902798996,0.0006051374246003422,0.0012746362442854948,0.014677589830173532,0.024599541146134052,6,pow4,"[16, 23, 32, 45, 64, 91, 128, 181, 256, 362, 512, 724, 1024, 1620]","[0.571332  0.6572864 0.7387592 0.8042176 0.8550632 0.8886256 0.9102696
 0.9249304 0.9359096 0.9427112 0.9478688 0.950228  0.953516  0.9547592]",0.05617283950617284,0.1
4611,16,sklearn.linear_model.LogisticRegression,128,"[0.57026324 0.66035068 0.7368078  0.80350951 0.85532286 0.88974357
 0.90966773 0.92063695 0.92605251 0.92853139 0.92960183 0.9300426
 0.93021808 0.93029729]",[9.30327301e-01 8.36813779e+04 2.93044268e+00 5.17965578e+01],0,0,2.3601302978039873e-06,0.00031413912928461053,0.0005983850371917882,0.001253145254063107,0.01636322266173475,0.0244619099252652,7,pow4,"[16, 23, 32, 45, 64, 91, 128, 181, 256, 362, 512, 724, 1024, 1620]","[0.571332  0.6572864 0.7387592 0.8042176 0.8550632 0.8886256 0.9102696
 0.9249304 0.9359096 0.9427112 0.9478688 0.950228  0.953516  0.9547592]",0.07901234567901234,0.1
4612,16,sklearn.linear_model.LogisticRegression,181,"[0.57011011 0.66066152 0.73680797 0.80305315 0.85488891 0.89008702
 0.91126777 0.92360754 0.93017459 0.9334686  0.93504946 0.93578129
 0.9361118  0.93628477]",[9.36370177e-01 9.11491681e+03 2.49276543e+00 4.20080800e+01],0,0,2.870013671180949e-06,0.00018926161983145486,0.000341304397485199,0.0014586778460323607,0.013020382363858052,0.018474425498109515,8,pow4,"[16, 23, 32, 45, 64, 91, 128, 181, 256, 362, 512, 724, 1024, 1620]","[0.571332  0.6572864 0.7387592 0.8042176 0.8550632 0.8886256 0.9102696
 0.9249304 0.9359096 0.9427112 0.9478688 0.950228  0.953516  0.9547592]",0.1117283950617284,0.2
4613,16,sklearn.linear_model.LogisticRegression,256,"[0.56977241 0.66129897 0.73709609 0.80257177 0.85405449 0.88976401
 0.91211462 0.92590443 0.93381683 0.93816215 0.94047464 0.94167387
 0.94228536 0.94265435]",[9.42894486e-01 1.19118061e+03 2.08058445e+00 3.23284699e+01],0,0,3.894859151312344e-06,8.423904567661794e-05,0.00014652738615699958,0.0017711156169153914,0.008766565442769103,0.01210484969576242,9,pow4,"[16, 23, 32, 45, 64, 91, 128, 181, 256, 362, 512, 724, 1024, 1620]","[0.571332  0.6572864 0.7387592 0.8042176 0.8550632 0.8886256 0.9102696
 0.9249304 0.9359096 0.9427112 0.9478688 0.950228  0.953516  0.9547592]",0.1580246913580247,0.2
4614,16,sklearn.linear_model.LogisticRegression,362,"[0.56950801 0.66177323 0.73735432 0.80229048 0.85344633 0.88933626
 0.91228436 0.9268853  0.9356034  0.94062311 0.94344089 0.94498956
 0.94582945 0.94637431]",[  0.94678679 442.97385865   1.87483796  27.3833632 ],0,0,4.46001554968337e-06,4.410926705235715e-05,7.03064560404979e-05,0.0018334303605599066,0.006434446970910113,0.008384894515764518,10,pow4,"[16, 23, 32, 45, 64, 91, 128, 181, 256, 362, 512, 724, 1024, 1620]","[0.571332  0.6572864 0.7387592 0.8042176 0.8550632 0.8886256 0.9102696
 0.9249304 0.9359096 0.9427112 0.9478688 0.950228  0.953516  0.9547592]",0.2234567901234568,0.4
4615,16,sklearn.linear_model.LogisticRegression,512,"[0.56925993 0.66219993 0.73761587 0.80209109 0.85292411 0.88887173
 0.91220755 0.92738223 0.93670014 0.94224539 0.94547563 0.94732369
 0.94836943 0.94908247]",[  0.94968486 228.01453914   1.73453993  23.93932892],0,0,5.02164645865436e-06,2.2382499128490214e-05,3.222529481749252e-05,0.0018799964389518092,0.004575870377474127,0.005676732759034242,11,pow4,"[16, 23, 32, 45, 64, 91, 128, 181, 256, 362, 512, 724, 1024, 1620]","[0.571332  0.6572864 0.7387592 0.8042176 0.8550632 0.8886256 0.9102696
 0.9249304 0.9359096 0.9427112 0.9478688 0.950228  0.953516  0.9547592]",0.3160493827160494,0.4
4616,16,sklearn.linear_model.LogisticRegression,724,"[0.56910595 0.6624554  0.73778586 0.80199666 0.85262719 0.88857056
 0.91208113 0.92753732 0.93716184 0.94298458 0.94643943 0.94845568
 0.94962078 0.95043503]",[  0.95116268 164.97139944   1.66555802  22.21386423],0,0,5.03297853627187e-06,1.6935587915223272e-05,1.8698460077331663e-05,0.001852178730916948,0.004109694320669155,0.0043241716059069235,12,pow4,"[16, 23, 32, 45, 64, 91, 128, 181, 256, 362, 512, 724, 1024, 1620]","[0.571332  0.6572864 0.7387592 0.8042176 0.8550632 0.8886256 0.9102696
 0.9249304 0.9359096 0.9427112 0.9478688 0.950228  0.953516  0.9547592]",0.4469135802469136,0.8
4617,16,sklearn.linear_model.LogisticRegression,1024,"[0.56891242 0.66276747 0.73800601 0.80190516 0.85228231 0.88818923
 0.91186542 0.92761235 0.93756482 0.94369195 0.94739888 0.94960817
 0.95091343 0.95184965]",[  0.95273885 117.59273257   1.59299417  20.36950712],0,0,5.427262500842187e-06,8.465464718480302e-06,8.465464718480302e-06,0.0019068924623177885,0.002909547167254778,0.002909547167254778,13,pow4,"[16, 23, 32, 45, 64, 91, 128, 181, 256, 362, 512, 724, 1024, 1620]","[0.571332  0.6572864 0.7387592 0.8042176 0.8550632 0.8886256 0.9102696
 0.9249304 0.9359096 0.9427112 0.9478688 0.950228  0.953516  0.9547592]",0.6320987654320988,0.8
4618,16,sklearn.linear_model.LogisticRegression,45,"[0.57038715 0.66055413 0.73518211 0.80547181 0.87152633 0.93147665
 0.98433164 1.03319173 1.07766188 1.1180866  1.15487928 1.18832495
 1.21876562 1.25485398]",[1.52492757 2.03715024 0.27341855],0,0,6.48485826278841e-06,0.03301209200759596,0.09005687428593133,0.002260970104224269,0.15692170580447456,0.30009477550589136,4,pow3,"[16, 23, 32, 45, 64, 91, 128, 181, 256, 362, 512, 724, 1024, 1620]","[0.571332  0.6572864 0.7387592 0.8042176 0.8550632 0.8886256 0.9102696
 0.9249304 0.9359096 0.9427112 0.9478688 0.950228  0.953516  0.9547592]",0.027777777777777776,0.05
4619,16,sklearn.linear_model.LogisticRegression,64,"[0.56915952 0.66319064 0.73613204 0.80066433 0.85751187 0.90582406
 0.94574834 0.98036156 1.0098914  1.0350533  1.05651987 1.0748112
 1.09041621 1.10758561]",[1.18065727 2.18972032 0.46008188],0,0,1.3020694465164043e-05,0.009783457796679816,0.023355912585044804,0.0033411663110753274,0.08859923950738863,0.152826413244062,5,pow3,"[16, 23, 32, 45, 64, 91, 128, 181, 256, 362, 512, 724, 1024, 1620]","[0.571332  0.6572864 0.7387592 0.8042176 0.8550632 0.8886256 0.9102696
 0.9249304 0.9359096 0.9427112 0.9478688 0.950228  0.953516  0.9547592]",0.03950617283950617,0.05
4620,16,sklearn.linear_model.LogisticRegression,91,"[0.56758184 0.66563077 0.73821453 0.79959851 0.85121186 0.89304649
 0.92604158 0.95335504 0.97559573 0.9936834  1.00841176 1.02038988
 1.03014337 1.04031419]",[1.07274941 2.62670733 0.59460538],0,0,2.3283661572017923e-05,0.003376177443937116,0.007319656742224846,0.004255087165939937,0.053467768685932296,0.08555499250321308,6,pow3,"[16, 23, 32, 45, 64, 91, 128, 181, 256, 362, 512, 724, 1024, 1620]","[0.571332  0.6572864 0.7387592 0.8042176 0.8550632 0.8886256 0.9102696
 0.9249304 0.9359096 0.9427112 0.9478688 0.950228  0.953516  0.9547592]",0.05617283950617284,0.1
4621,16,sklearn.linear_model.LogisticRegression,128,"[0.56603965 0.6675258  0.7403177  0.80003149 0.84868624 0.88688139
 0.91607132 0.93949225 0.95797231 0.97253578 0.98402694 0.99308271
 1.00022807 1.00741466]",[1.02686601 3.08244368 0.68544485],0,0,3.288207562240251e-05,0.001383838447322643,0.0027725978542928525,0.005028463973723236,0.034975647360116935,0.05265546366990659,7,pow3,"[16, 23, 32, 45, 64, 91, 128, 181, 256, 362, 512, 724, 1024, 1620]","[0.571332  0.6572864 0.7387592 0.8042176 0.8550632 0.8886256 0.9102696
 0.9249304 0.9359096 0.9427112 0.9478688 0.950228  0.953516  0.9547592]",0.07901234567901234,0.1
4622,16,sklearn.linear_model.LogisticRegression,181,"[0.56459678 0.66900553 0.74221824 0.80098231 0.84779754 0.88371662
 0.91055453 0.93161244 0.94785768 0.96037464 0.97003091 0.97747106
 0.98321081 0.98883642]",[1.00252624 3.50809    0.75047884],0,0,4.0844017499603557e-05,0.0006218560569159797,0.0011612571147293974,0.005536287668333445,0.02379812162820479,0.03407722281421122,8,pow3,"[16, 23, 32, 45, 64, 91, 128, 181, 256, 362, 512, 724, 1024, 1620]","[0.571332  0.6572864 0.7387592 0.8042176 0.8550632 0.8886256 0.9102696
 0.9249304 0.9359096 0.9427112 0.9478688 0.950228  0.953516  0.9547592]",0.1117283950617284,0.2
4623,16,sklearn.linear_model.LogisticRegression,256,"[0.56343861 0.67003047 0.74367095 0.80193821 0.84767643 0.88224525
 0.90769417 0.92737128 0.94232822 0.95368315 0.96231425 0.96886677
 0.97384746 0.97864703]",[0.9895836  3.84293872 0.79319843],0,0,4.478891997200091e-05,0.00033209101484387566,0.0005706283619422734,0.005892293134553294,0.017655092055799248,0.023887828740642658,9,pow3,"[16, 23, 32, 45, 64, 91, 128, 181, 256, 362, 512, 724, 1024, 1620]","[0.571332  0.6572864 0.7387592 0.8042176 0.8550632 0.8886256 0.9102696
 0.9249304 0.9359096 0.9427112 0.9478688 0.950228  0.953516  0.9547592]",0.1580246913580247,0.2
4624,16,sklearn.linear_model.LogisticRegression,362,"[0.56241843 0.67082771 0.74488891 0.80286008 0.84786158 0.88149011
 0.90597164 0.92469248 0.93876461 0.94932925 0.9572705  0.96323239
 0.96771384 0.97197752]",[0.98124099 4.12964388 0.82540158],0,0,4.7549222594527624e-05,0.00018888881816078683,0.0002964704074928512,0.005828815075903782,0.013455562304764551,0.017218316046955673,10,pow3,"[16, 23, 32, 45, 64, 91, 128, 181, 256, 362, 512, 724, 1024, 1620]","[0.571332  0.6572864 0.7387592 0.8042176 0.8550632 0.8886256 0.9102696
 0.9249304 0.9359096 0.9427112 0.9478688 0.950228  0.953516  0.9547592]",0.2234567901234568,0.4
4625,16,sklearn.linear_model.LogisticRegression,512,"[0.56159029 0.67141056 0.745834   0.80363897 0.84815377 0.8811488
 0.90497708 0.92305417 0.93653392 0.94657303 0.95405901 0.95963423
 0.96379157 0.96771079]",[0.97594717 4.3561903  0.8485303 ],0,0,4.850692321854987e-05,0.0001206027959594079,0.00016774371570496042,0.0057955108253068465,0.010877799975200294,0.012951591242197247,11,pow3,"[16, 23, 32, 45, 64, 91, 128, 181, 256, 362, 512, 724, 1024, 1620]","[0.571332  0.6572864 0.7387592 0.8042176 0.8550632 0.8886256 0.9102696
 0.9249304 0.9359096 0.9427112 0.9478688 0.950228  0.953516  0.9547592]",0.3160493827160494,0.4
4626,16,sklearn.linear_model.LogisticRegression,724,"[0.56081325 0.67191212 0.74668705 0.80438266 0.84851122 0.8809937
 0.90429187 0.9218475  0.93484927 0.94446648 0.95158902 0.95685746
 0.96075928 0.964409  ]",[0.97186884 4.56425265 0.86824331],0,0,4.965339296639278e-05,7.279190282651597e-05,9.31186475322969e-05,0.005803931425267796,0.008446542022086279,0.00964980038820995,12,pow3,"[16, 23, 32, 45, 64, 91, 128, 181, 256, 362, 512, 724, 1024, 1620]","[0.571332  0.6572864 0.7387592 0.8042176 0.8550632 0.8886256 0.9102696
 0.9249304 0.9359096 0.9427112 0.9478688 0.950228  0.953516  0.9547592]",0.4469135802469136,0.8
4627,16,sklearn.linear_model.LogisticRegression,1024,"[0.56025447 0.67224713 0.74728007 0.80492084 0.84880778 0.88096354
 0.90392257 0.92114485 0.93384189 0.94319108 0.95008373 0.95515898
 0.95890068 0.96238248]",[0.96937071 4.71099402 0.88136219],0,0,4.883143664578574e-05,5.811442552068634e-05,5.811442552068634e-05,0.0057223555661644054,0.00762328180777061,0.00762328180777061,13,pow3,"[16, 23, 32, 45, 64, 91, 128, 181, 256, 362, 512, 724, 1024, 1620]","[0.571332  0.6572864 0.7387592 0.8042176 0.8550632 0.8886256 0.9102696
 0.9249304 0.9359096 0.9427112 0.9478688 0.950228  0.953516  0.9547592]",0.6320987654320988,0.8
4628,16,sklearn.linear_model.LogisticRegression,45,"[0.5796346  0.65260284 0.72695707 0.81261477 0.91172367 1.02283857
 1.14345134 1.28050053 1.43407594 1.60595815 1.79856696 2.0141355
 2.25569862 2.62041395]",[-0.23428067 -0.32672645],0,0,7.516791832517257e-05,0.7215765445986095,2.7744057296369338,0.008296365881963669,0.6823481639250856,1.665654745028793,4,pow2,"[16, 23, 32, 45, 64, 91, 128, 181, 256, 362, 512, 724, 1024, 1620]","[0.571332  0.6572864 0.7387592 0.8042176 0.8550632 0.8886256 0.9102696
 0.9249304 0.9359096 0.9427112 0.9478688 0.950228  0.953516  0.9547592]",0.027777777777777776,0.05
4629,16,sklearn.linear_model.LogisticRegression,64,"[0.59076971 0.65439905 0.71823838 0.79068324 0.87321059 0.96428535
 1.06162071 1.17052717 1.29068354 1.42308843 1.56917058 1.73014409
 1.90774596 2.17106423]",[-0.27040622 -0.28186688],0,0,0.0002639544511718069,0.4255348784609322,1.479397914959347,0.014905527531551211,0.5421679617839048,1.2163050254600394,5,pow2,"[16, 23, 32, 45, 64, 91, 128, 181, 256, 362, 512, 724, 1024, 1620]","[0.571332  0.6572864 0.7387592 0.8042176 0.8550632 0.8886256 0.9102696
 0.9249304 0.9359096 0.9427112 0.9478688 0.950228  0.953516  0.9547592]",0.03950617283950617,0.05
4630,16,sklearn.linear_model.LogisticRegression,91,"[0.6046478  0.65979383 0.71433555 0.77537595 0.84392151 0.91847276
 0.99701534 1.08365385 1.17788158 1.28023698 1.39155834 1.51248179
 1.6439977  1.83575111]",[-0.31038686 -0.24050689],0,0,0.0005932625349597745,0.2463866881028161,0.7761467488756273,0.021679563768526384,0.4252979863328261,0.8809919119240694,6,pow2,"[16, 23, 32, 45, 64, 91, 128, 181, 256, 362, 512, 724, 1024, 1620]","[0.571332  0.6572864 0.7387592 0.8042176 0.8550632 0.8886256 0.9102696
 0.9249304 0.9359096 0.9427112 0.9478688 0.950228  0.953516  0.9547592]",0.05617283950617284,0.1
4631,16,sklearn.linear_model.LogisticRegression,128,"[0.61924102 0.66731775 0.71430364 0.76628291 0.82395978 0.88593332
 0.95044976 1.02077771 1.09635781 1.17748214 1.26466489 1.35824301
 1.4588096  1.60340847]",[-0.34975756 -0.20603644],0,0,0.0010031617716011539,0.14756446290918862,0.4207458786971002,0.027758066003004615,0.3385457760501774,0.6486492724863724,7,pow2,"[16, 23, 32, 45, 64, 91, 128, 181, 256, 362, 512, 724, 1024, 1620]","[0.571332  0.6572864 0.7387592 0.8042176 0.8550632 0.8886256 0.9102696
 0.9249304 0.9359096 0.9427112 0.9478688 0.950228  0.953516  0.9547592]",0.07901234567901234,0.1
4632,16,sklearn.linear_model.LogisticRegression,181,"[0.6341801  0.67626163 0.71697749 0.76158398 0.81058475 0.86270097
 0.91641321 0.97438274 1.03605844 1.10159637 1.17132433 1.24541877
 1.32425028 1.43627684]",[-0.38818698 -0.17703522],0,0,0.00146696350467082,0.09027456560591929,0.23185923386889232,0.03402971163250247,0.27165537093742487,0.4815176360933131,8,pow2,"[16, 23, 32, 45, 64, 91, 128, 181, 256, 362, 512, 724, 1024, 1620]","[0.571332  0.6572864 0.7387592 0.8042176 0.8550632 0.8886256 0.9102696
 0.9249304 0.9359096 0.9427112 0.9478688 0.950228  0.953516  0.9547592]",0.1117283950617284,0.2
4633,16,sklearn.linear_model.LogisticRegression,256,"[0.64865566 0.68575311 0.72135224 0.76004295 0.80219614 0.84665553
 0.89210042 0.94074783 0.99208053 1.04617998 1.10326567 1.16342819
 1.22691163 1.31626463]",[-0.42411291 -0.1532511 ],0,0,0.001926177708086364,0.05714792779503097,0.13068617301792682,0.03915184879781085,0.22139337844711965,0.3615054259868402,9,pow2,"[16, 23, 32, 45, 64, 91, 128, 181, 256, 362, 512, 724, 1024, 1620]","[0.571332  0.6572864 0.7387592 0.8042176 0.8550632 0.8886256 0.9102696
 0.9249304 0.9359096 0.9427112 0.9478688 0.950228  0.953516  0.9547592]",0.1580246913580247,0.2
4634,16,sklearn.linear_model.LogisticRegression,362,"[0.66256391 0.69545038 0.72679332 0.76063295 0.79724917 0.83560083
 0.87453505 0.91593067 0.95931309 1.00472163 1.05230957 1.10212004
 1.15432118 1.2272103 ]",[-0.45760966 -0.13348553],0,0,0.0023727613759965925,0.03713284771516475,0.07422960390000036,0.042593341907429395,0.18239727304421788,0.2724511036865154,10,pow2,"[16, 23, 32, 45, 64, 91, 128, 181, 256, 362, 512, 724, 1024, 1620]","[0.571332  0.6572864 0.7387592 0.8042176 0.8550632 0.8886256 0.9102696
 0.9249304 0.9359096 0.9427112 0.9478688 0.950228  0.953516  0.9547592]",0.2234567901234568,0.4
4635,16,sklearn.linear_model.LogisticRegression,512,"[0.67567159 0.70500502 0.73280352 0.7626518  0.79476629 0.8282094
 0.86196836 0.89765992 0.93485275 0.97356224 1.01389995 1.05588255
 1.09963103 1.16031502]",[-0.48834653 -0.11710424],0,0,0.0027820493594573944,0.024921893934357037,0.04225319599780681,0.044891232699326336,0.15244180016419426,0.2055558220965945,11,pow2,"[16, 23, 32, 45, 64, 91, 128, 181, 256, 362, 512, 724, 1024, 1620]","[0.571332  0.6572864 0.7387592 0.8042176 0.8550632 0.8886256 0.9102696
 0.9249304 0.9359096 0.9427112 0.9478688 0.950228  0.953516  0.9547592]",0.3160493827160494,0.4
4636,16,sklearn.linear_model.LogisticRegression,724,"[0.68809653 0.71437255 0.73915455 0.76564059 0.79400118 0.82339153
 0.85291752 0.88398559 0.91620556 0.94957894 0.98418969 1.02003944
 1.05721836 1.10850245]",[-0.51678014 -0.10326509],0,0,0.003163264957467491,0.01719558419791331,0.023636987943423168,0.04751001236037242,0.12872280903262334,0.15374325332652217,12,pow2,"[16, 23, 32, 45, 64, 91, 128, 181, 256, 362, 512, 724, 1024, 1620]","[0.571332  0.6572864 0.7387592 0.8042176 0.8550632 0.8886256 0.9102696
 0.9249304 0.9359096 0.9427112 0.9478688 0.950228  0.953516  0.9547592]",0.4469135802469136,0.8
4637,16,sklearn.linear_model.LogisticRegression,1024,"[0.69956888 0.72325527 0.74550599 0.76919498 0.79445956 0.82053558
 0.84662766 0.87397402 0.90222137 0.93136343 0.96146563 0.9925213
 1.02460017 1.06864428]",[-0.54243519 -0.09175384],0,0,0.0034857552739343523,0.012969812399065628,0.012969812399065628,0.05009826518386388,0.1138850841816681,0.1138850841816681,13,pow2,"[16, 23, 32, 45, 64, 91, 128, 181, 256, 362, 512, 724, 1024, 1620]","[0.571332  0.6572864 0.7387592 0.8042176 0.8550632 0.8886256 0.9102696
 0.9249304 0.9359096 0.9427112 0.9478688 0.950228  0.953516  0.9547592]",0.6320987654320988,0.8
4638,16,sklearn.linear_model.LogisticRegression,45,"[0.57410348 0.65660849 0.73168752 0.80919571 0.88927155 0.96929188
 1.04685559 1.12562332 1.20443962 1.28320735 1.36202365 1.44079138
 1.51960769 1.62389335]",[-0.2273457  -0.05623265],0,0,2.073274566736152e-05,0.14350336223230137,0.44774051002018433,0.0038747974922945794,0.3201123775157101,0.6691341494948411,4,log2,"[16, 23, 32, 45, 64, 91, 128, 181, 256, 362, 512, 724, 1024, 1620]","[0.571332  0.6572864 0.7387592 0.8042176 0.8550632 0.8886256 0.9102696
 0.9249304 0.9359096 0.9427112 0.9478688 0.950228  0.953516  0.9547592]",0.027777777777777776,0.05
4639,16,sklearn.linear_model.LogisticRegression,64,"[0.58111758 0.65639053 0.72488843 0.79560257 0.86865928 0.94166535
 1.01243013 1.0842934  1.15620099 1.22806425 1.29997184 1.37183511
 1.44374269 1.53888709]",[-0.20741749  0.00603418],0,0,0.00010960611925160872,0.11687310120412213,0.3412053892158915,0.009352666368256268,0.2964747162448654,0.5841278877231351,5,log2,"[16, 23, 32, 45, 64, 91, 128, 181, 256, 362, 512, 724, 1024, 1620]","[0.571332  0.6572864 0.7387592 0.8042176 0.8550632 0.8886256 0.9102696
 0.9249304 0.9359096 0.9427112 0.9478688 0.950228  0.953516  0.9547592]",0.03950617283950617,0.05
4640,16,sklearn.linear_model.LogisticRegression,91,"[0.59142332 0.65870184 0.71992487 0.78312875 0.84842641 0.91367881
 0.97692796 1.04115893 1.1054295  1.16966047 1.23393105 1.29816202
 1.3624326  1.4474721 ]",[-0.18538854  0.07741714],0,0,0.000312807762600905,0.08888298257061171,0.24276600664399023,0.015519990319580882,0.264372729405198,0.492712904888831,6,log2,"[16, 23, 32, 45, 64, 91, 128, 181, 256, 362, 512, 724, 1024, 1620]","[0.571332  0.6572864 0.7387592 0.8042176 0.8550632 0.8886256 0.9102696
 0.9249304 0.9359096 0.9427112 0.9478688 0.950228  0.953516  0.9547592]",0.05617283950617284,0.1
4641,16,sklearn.linear_model.LogisticRegression,128,"[0.60342158 0.66320499 0.71760752 0.77377022 0.83179345 0.88977645
 0.94597938 1.00305475 1.06016531 1.11724068 1.17435125 1.23142662
 1.28853718 1.36410293]",[-0.16473548  0.14667785],0,0,0.0006081717191307663,0.06602455387959598,0.16756228854614966,0.02139108954046303,0.23270793146147334,0.4093437290910289,7,log2,"[16, 23, 32, 45, 64, 91, 128, 181, 256, 362, 512, 724, 1024, 1620]","[0.571332  0.6572864 0.7387592 0.8042176 0.8550632 0.8886256 0.9102696
 0.9249304 0.9359096 0.9427112 0.9478688 0.950228  0.953516  0.9547592]",0.07901234567901234,0.1
4642,16,sklearn.linear_model.LogisticRegression,181,"[0.61653407 0.66948412 0.71766833 0.76741154 0.8188026  0.87015804
 0.91993687 0.97048842 1.02107114 1.07162269 1.12220541 1.17275696
 1.22333968 1.29026812]",[-0.14590591  0.21199699],0,0,0.0009770491104701341,0.04819235139080502,0.11256623810829644,0.02815627012686149,0.2027118676273071,0.33550892403674815,8,log2,"[16, 23, 32, 45, 64, 91, 128, 181, 256, 362, 512, 724, 1024, 1620]","[0.571332  0.6572864 0.7387592 0.8042176 0.8550632 0.8886256 0.9102696
 0.9249304 0.9359096 0.9427112 0.9478688 0.950228  0.953516  0.9547592]",0.1117283950617284,0.2
4643,16,sklearn.linear_model.LogisticRegression,256,"[0.62986432 0.67685533 0.71961684 0.7637619  0.80936937 0.85494522
 0.89912189 0.94398432 0.98887441 1.03373684 1.07862694 1.12348937
 1.16837946 1.22777572]",[-0.12948552  0.27085422],0,0,0.001369662024457998,0.03522143720454639,0.07453801829627286,0.03335999583037118,0.17658502591013764,0.27301651652651504,9,log2,"[16, 23, 32, 45, 64, 91, 128, 181, 256, 362, 512, 724, 1024, 1620]","[0.571332  0.6572864 0.7387592 0.8042176 0.8550632 0.8886256 0.9102696
 0.9249304 0.9359096 0.9427112 0.9478688 0.950228  0.953516  0.9547592]",0.1580246913580247,0.2
4644,16,sklearn.linear_model.LogisticRegression,362,"[0.64317545 0.68495622 0.72297646 0.76222683 0.80277747 0.8433
 0.88257848 0.92246669 0.96237949 1.0022677  1.0421805  1.08206871
 1.12198151 1.17479207]",[-0.11512852  0.32397141],0,0,0.0017748127123744604,0.025767941305171536,0.04841446585808996,0.03710793308489028,0.15366270023413964,0.22003287449399456,10,log2,"[16, 23, 32, 45, 64, 91, 128, 181, 256, 362, 512, 724, 1024, 1620]","[0.571332  0.6572864 0.7387592 0.8042176 0.8550632 0.8886256 0.9102696
 0.9249304 0.9359096 0.9427112 0.9478688 0.950228  0.953516  0.9547592]",0.2234567901234568,0.4
4645,16,sklearn.linear_model.LogisticRegression,512,"[0.65609728 0.69338008 0.7273072  0.76233202 0.79851711 0.83467713
 0.86972703 0.90532101 0.94093695 0.97653093 1.01214686 1.04774085
 1.08335678 1.13048194]",[-0.10273419  0.37125762],0,0,0.002164572795093501,0.01908195484215471,0.03087848173207477,0.040724382373860106,0.13435878837976578,0.17572274107830999,11,log2,"[16, 23, 32, 45, 64, 91, 128, 181, 256, 362, 512, 724, 1024, 1620]","[0.571332  0.6572864 0.7387592 0.8042176 0.8550632 0.8886256 0.9102696
 0.9249304 0.9359096 0.9427112 0.9478688 0.950228  0.953516  0.9547592]",0.3160493827160494,0.4
4646,16,sklearn.linear_model.LogisticRegression,724,"[0.66865013 0.70199867 0.73234562 0.76367444 0.79604111 0.82838534
 0.8597366  0.89157452 0.92343208 0.95527001 0.98712757 1.0189655
 1.05082306 1.09297534]",[-0.09189317  0.41386818],0,0,0.0025427575134059585,0.014286182844465508,0.019103701487113475,0.04376424760928454,0.11776160094527788,0.13821614047249864,12,log2,"[16, 23, 32, 45, 64, 91, 128, 181, 256, 362, 512, 724, 1024, 1620]","[0.571332  0.6572864 0.7387592 0.8042176 0.8550632 0.8886256 0.9102696
 0.9249304 0.9359096 0.9427112 0.9478688 0.950228  0.953516  0.9547592]",0.4469135802469136,0.8
4647,16,sklearn.linear_model.LogisticRegression,1024,"[0.68045572 0.71043959 0.73772471 0.76589264 0.7949937  0.82407458
 0.85226268 0.88088835 0.90953167 0.93815734 0.96680066 0.99542632
 1.02406964 1.061969  ]",[-0.08262168  0.45137978],0,0,0.002875265993573919,0.01149394206511345,0.01149394206511345,0.045686266647683195,0.10720980395986857,0.10720980395986857,13,log2,"[16, 23, 32, 45, 64, 91, 128, 181, 256, 362, 512, 724, 1024, 1620]","[0.571332  0.6572864 0.7387592 0.8042176 0.8550632 0.8886256 0.9102696
 0.9249304 0.9359096 0.9427112 0.9478688 0.950228  0.953516  0.9547592]",0.6320987654320988,0.8
4648,16,sklearn.linear_model.LogisticRegression,45,"[5.96745430e-01 6.44311050e-01 7.11079559e-01 8.19923025e-01
 1.00966286e+00 1.35720117e+00 2.03560145e+00 3.63806430e+00
 8.27419006e+00 2.64290000e+01 1.36707070e+02 1.39476633e+03
 3.73183078e+04 2.55699952e+07]",[ 0.50079503 -0.01095586],0,0,0.00045675625270358565,65382599816591.94,653824603619122.5,0.020443461339678476,2560887.8420313965,25569994.20451875,4,exp2,"[16, 23, 32, 45, 64, 91, 128, 181, 256, 362, 512, 724, 1024, 1620]","[0.571332  0.6572864 0.7387592 0.8042176 0.8550632 0.8886256 0.9102696
 0.9249304 0.9359096 0.9427112 0.9478688 0.950228  0.953516  0.9547592]",0.027777777777777776,0.05
4649,16,sklearn.linear_model.LogisticRegression,64,"[6.21300572e-01 6.54129863e-01 6.98900588e-01 7.69033481e-01
 8.84387731e-01 1.07869085e+00 1.41611107e+00 2.09127569e+00
 3.63083515e+00 7.91834599e+00 2.38684908e+01 1.13522212e+02
 1.03148239e+03 8.26885446e+04]",[ 0.55231661 -0.00735585],0,0,0.0012386762672974528,759812528.5150394,6837237511.493866,0.03149847450654366,9318.349346723311,82687.58982757851,5,exp2,"[16, 23, 32, 45, 64, 91, 128, 181, 256, 362, 512, 724, 1024, 1620]","[0.571332  0.6572864 0.7387592 0.8042176 0.8550632 0.8886256 0.9102696
 0.9249304 0.9359096 0.9427112 0.9478688 0.950228  0.953516  0.9547592]",0.03950617283950617,0.05
4650,16,sklearn.linear_model.LogisticRegression,91,"[6.48524279e-01 6.70879611e-01 7.00758205e-01 7.46280815e-01
 8.18186097e-01 9.32444281e-01 1.11537243e+00 1.44164679e+00
 2.07279103e+00 3.46284818e+00 7.15857785e+00 1.99794080e+01
 8.53825688e+01 1.52943819e+03]",[ 0.60018383 -0.00484147],0,0,0.002370694573050962,292974.81182915665,2336261.5944161704,0.04456984224729347,205.31640113865657,1528.4834295523685,6,exp2,"[16, 23, 32, 45, 64, 91, 128, 181, 256, 362, 512, 724, 1024, 1620]","[0.571332  0.6572864 0.7387592 0.8042176 0.8550632 0.8886256 0.9102696
 0.9249304 0.9359096 0.9427112 0.9478688 0.950228  0.953516  0.9547592]",0.05617283950617284,0.1
4651,16,sklearn.linear_model.LogisticRegression,128,"[  0.6749686    0.69027115   0.71045674   0.7406603    0.78712874
   0.85822173   0.96618889   1.1449292    1.45577605   2.04422061
   3.30491      6.51667438  17.03294606 114.88246744]",[ 0.64125314 -0.00320262],0,0,0.0036193644661920463,1896.5919612061002,12979.522705227986,0.05467696130748317,19.967428650157085,113.92770824179685,7,exp2,"[16, 23, 32, 45, 64, 91, 128, 181, 256, 362, 512, 724, 1024, 1620]","[0.571332  0.6572864 0.7387592 0.8042176 0.8550632 0.8886256 0.9102696
 0.9249304 0.9359096 0.9427112 0.9478688 0.950228  0.953516  0.9547592]",0.07901234567901234,0.1
4652,16,sklearn.linear_model.LogisticRegression,181,"[ 0.70069153  0.71106219  0.72462176  0.74466557  0.77496194  0.82014704
  0.8863768   0.99067121  1.15956313  1.44849407  1.98447864  3.09664257
  5.81233306 20.30594434]",[ 0.67755158 -0.00209888],0,0,0.004921285085212399,67.34399373026754,374.4683665016691,0.061879778585408565,4.687077168333111,19.35118514462794,8,exp2,"[16, 23, 32, 45, 64, 91, 128, 181, 256, 362, 512, 724, 1024, 1620]","[0.571332  0.6572864 0.7387592 0.8042176 0.8550632 0.8886256 0.9102696
 0.9249304 0.9359096 0.9427112 0.9478688 0.950228  0.953516  0.9547592]",0.1117283950617284,0.2
4653,16,sklearn.linear_model.LogisticRegression,256,"[0.72438741 0.73139965 0.74051521 0.75388308 0.77385601 0.80315223
 0.84510858 0.90905517 1.00789947 1.16619903 1.4335955  1.91927651
 2.90031688 6.58673944]",[ 0.70861087 -0.00137624],0,0,0.006115134199707757,7.346833470410968,31.71920144026192,0.06655176322297285,1.8514088325007403,5.631980241465866,9,exp2,"[16, 23, 32, 45, 64, 91, 128, 181, 256, 362, 512, 724, 1024, 1620]","[0.571332  0.6572864 0.7387592 0.8042176 0.8550632 0.8886256 0.9102696
 0.9249304 0.9359096 0.9427112 0.9478688 0.950228  0.953516  0.9547592]",0.1580246913580247,0.2
4654,16,sklearn.linear_model.LogisticRegression,362,"[0.74590455 0.75062832 0.75674573 0.7656701  0.77890308 0.79810221
 0.82518307 0.86558322 0.92615588 1.0190632  1.16667969 1.41249105
 1.85134239 3.16899928]",[ 0.73521868 -0.00090185],0,0,0.007167913006957629,1.4926291719281202,4.902859130018581,0.0721671440678126,0.9482851033016977,2.2142400795800308,10,exp2,"[16, 23, 32, 45, 64, 91, 128, 181, 256, 362, 512, 724, 1024, 1620]","[0.571332  0.6572864 0.7387592 0.8042176 0.8550632 0.8886256 0.9102696
 0.9249304 0.9359096 0.9427112 0.9478688 0.950228  0.953516  0.9547592]",0.2234567901234568,0.4
4655,16,sklearn.linear_model.LogisticRegression,512,"[0.76512878 0.76830571 0.77240972 0.77837648 0.78718013 0.79986215
 0.8175737  0.84362972 0.88192668 0.93903636 1.02622744 1.16343861
 1.38952353 1.97734508]",[ 7.57916462e-01 -5.91936533e-04],0,0,0.008039975164174809,0.4270810702497805,1.0456818812780833,0.0755424754526614,0.5572680067817471,1.022585879659055,11,exp2,"[16, 23, 32, 45, 64, 91, 128, 181, 256, 362, 512, 724, 1024, 1620]","[0.571332  0.6572864 0.7387592 0.8042176 0.8550632 0.8886256 0.9102696
 0.9249304 0.9359096 0.9427112 0.9478688 0.950228  0.953516  0.9547592]",0.3160493827160494,0.4
4656,16,sklearn.linear_model.LogisticRegression,724,"[0.78228521 0.7844129  0.78715702 0.7911377  0.79699186 0.80538553
 0.81703171 0.83400809 0.85863575 0.89468812 0.94830726 1.02961409
 1.15672278 1.45768891]",[ 7.77443543e-01 -3.88022529e-04],0,0,0.008751416926707365,0.14711564613187839,0.25293829635270787,0.0775125426822095,0.35306824714884977,0.5029297131336623,12,exp2,"[16, 23, 32, 45, 64, 91, 128, 181, 256, 362, 512, 724, 1024, 1620]","[0.571332  0.6572864 0.7387592 0.8042176 0.8550632 0.8886256 0.9102696
 0.9249304 0.9359096 0.9427112 0.9478688 0.950228  0.953516  0.9547592]",0.4469135802469136,0.8
4657,16,sklearn.linear_model.LogisticRegression,1024,"[0.79732738 0.79875492 0.80059408 0.80325813 0.80716769 0.81275614
 0.82047727 0.83166524 0.84775845 0.87103603 0.9050723  0.95545724
 1.0315863  1.20129665]",[ 7.94074013e-01 -2.55543283e-04],0,0,0.009275749850298233,0.06078071213245936,0.06078071213245936,0.0786925436662416,0.24653744570036285,0.24653744570036285,13,exp2,"[16, 23, 32, 45, 64, 91, 128, 181, 256, 362, 512, 724, 1024, 1620]","[0.571332  0.6572864 0.7387592 0.8042176 0.8550632 0.8886256 0.9102696
 0.9249304 0.9359096 0.9427112 0.9478688 0.950228  0.953516  0.9547592]",0.6320987654320988,0.8
4658,16,sklearn.linear_model.LogisticRegression,45,"[0.57075397 0.65900064 0.73706632 0.80477426 0.85217182 0.87573958
 0.88331233 0.88478643 0.88491487 0.88491871 0.88491873 0.88491873
 0.88491873 0.88491873]",[-0.66755418  0.04710644  0.88491873],0,0,1.612114833501281e-06,0.002626436544531374,0.004877690970915088,0.00113545319445435,0.045836293772691813,0.06984046800326504,4,exp3,"[16, 23, 32, 45, 64, 91, 128, 181, 256, 362, 512, 724, 1024, 1620]","[0.571332  0.6572864 0.7387592 0.8042176 0.8550632 0.8886256 0.9102696
 0.9249304 0.9359096 0.9427112 0.9478688 0.950228  0.953516  0.9547592]",0.027777777777777776,0.05
4659,16,sklearn.linear_model.LogisticRegression,64,"[0.61149884 0.65133709 0.70256012 0.77655377 0.88470857 1.03842319
 1.24910907 1.55098282 1.97832461 2.58262488 3.43841538 4.64923008
 6.36524735 9.7834616 ]",[ 9.60707124e+02 -5.92326302e-06 -9.60186678e+02],0,0,0.0009206557228658615,14.602599988377968,77.94598602102526,0.027924887443534184,2.6918889519144016,8.828702397352924,5,exp3,"[16, 23, 32, 45, 64, 91, 128, 181, 256, 362, 512, 724, 1024, 1620]","[0.571332  0.6572864 0.7387592 0.8042176 0.8550632 0.8886256 0.9102696
 0.9249304 0.9359096 0.9427112 0.9478688 0.950228  0.953516  0.9547592]",0.03950617283950617,0.05
4660,16,sklearn.linear_model.LogisticRegression,91,"[0.57203101 0.65753742 0.73547593 0.80586822 0.85808968 0.88628175
 0.8964234  0.89872339 0.89897098 0.89898089 0.89898099 0.89898099
 0.89898099 0.89898099]",[-0.6537797   0.0433102   0.89898099],0,0,4.784881106026083e-06,0.001907109715927301,0.0031112090602755486,0.0018757085058455452,0.04139627400869225,0.055778213132687826,6,exp3,"[16, 23, 32, 45, 64, 91, 128, 181, 256, 362, 512, 724, 1024, 1620]","[0.571332  0.6572864 0.7387592 0.8042176 0.8550632 0.8886256 0.9102696
 0.9249304 0.9359096 0.9427112 0.9478688 0.950228  0.953516  0.9547592]",0.05617283950617284,0.1
4661,16,sklearn.linear_model.LogisticRegression,128,"[0.57368477 0.6563908  0.73340971 0.80502202 0.86040909 0.89213035
 0.90450685 0.90764019 0.90803298 0.90805235 0.90805261 0.90805261
 0.90805261 0.90805261]",[-0.64017402  0.04059365  0.90805261],0,0,1.5667563479371016e-05,0.0014128299743365763,0.0021815051360641953,0.003430811870158051,0.03628388938108935,0.046706585574886494,7,exp3,"[16, 23, 32, 45, 64, 91, 128, 181, 256, 362, 512, 724, 1024, 1620]","[0.571332  0.6572864 0.7387592 0.8042176 0.8550632 0.8886256 0.9102696
 0.9249304 0.9359096 0.9427112 0.9478688 0.950228  0.953516  0.9547592]",0.07901234567901234,0.1
4662,16,sklearn.linear_model.LogisticRegression,181,"[0.57560066 0.65543353 0.73120653 0.80350511 0.86153657 0.89656926
 0.91126399 0.91536836 0.91595783 0.91599288 0.9159935  0.9159935
 0.9159935  0.9159935 ]",[-0.6270317   0.03818105  0.9159935 ],0,0,3.4579082877471306e-05,0.0010351156843115192,0.001502779224665326,0.0049200178760688,0.03151134627330968,0.038765696494005186,8,exp3,"[16, 23, 32, 45, 64, 91, 128, 181, 256, 362, 512, 724, 1024, 1620]","[0.571332  0.6572864 0.7387592 0.8042176 0.8550632 0.8886256 0.9102696
 0.9249304 0.9359096 0.9427112 0.9478688 0.950228  0.953516  0.9547592]",0.1117283950617284,0.2
4663,16,sklearn.linear_model.LogisticRegression,256,"[0.57750996 0.65470891 0.72916724 0.80177648 0.86191048 0.89986261
 0.91678575 0.92192224 0.92274993 0.92280757 0.92280884 0.92280885
 0.92280885 0.92280885]",[-0.61573195  0.03615008  0.92280885],0,0,6.0068561700085615e-05,0.0007479439798979562,0.0010208249730394383,0.006839643276933883,0.027008048146253082,0.03195035168882243,9,exp3,"[16, 23, 32, 45, 64, 91, 128, 181, 256, 362, 512, 724, 1024, 1620]","[0.571332  0.6572864 0.7387592 0.8042176 0.8550632 0.8886256 0.9102696
 0.9249304 0.9359096 0.9427112 0.9478688 0.950228  0.953516  0.9547592]",0.1580246913580247,0.2
4664,16,sklearn.linear_model.LogisticRegression,362,"[0.57913433 0.65422358 0.72753399 0.80021595 0.8618582  0.90209871
 0.92089602 0.92697395 0.92804304 0.92812701 0.9281292  0.92812921
 0.92812921 0.92812921]",[-0.6071801   0.03461051  0.92812921],0,0,8.31650775825044e-05,0.0005579134109196613,0.0007091562975521791,0.008148084619873385,0.0234637917476139,0.026629988688547712,10,exp3,"[16, 23, 32, 45, 64, 91, 128, 181, 256, 362, 512, 724, 1024, 1620]","[0.571332  0.6572864 0.7387592 0.8042176 0.8550632 0.8886256 0.9102696
 0.9249304 0.9359096 0.9427112 0.9478688 0.950228  0.953516  0.9547592]",0.2234567901234568,0.4
4665,16,sklearn.linear_model.LogisticRegression,512,"[0.58052772 0.65388847 0.72620132 0.79883473 0.86160117 0.90368185
 0.92407304 0.93100414 0.9323107  0.93242355 0.9324269  0.93242692
 0.93242692 0.93242692]",[-0.60047369  0.03339838  0.93242692],0,0,0.00010335308312613259,0.0004201194953395102,0.0004987307339866276,0.009212204606907496,0.020407480095602115,0.02233228008929289,11,exp3,"[16, 23, 32, 45, 64, 91, 128, 181, 256, 362, 512, 724, 1024, 1620]","[0.571332  0.6572864 0.7387592 0.8042176 0.8550632 0.8886256 0.9102696
 0.9249304 0.9359096 0.9427112 0.9478688 0.950228  0.953516  0.9547592]",0.3160493827160494,0.4
4666,16,sklearn.linear_model.LogisticRegression,724,"[0.58163162 0.65367103 0.72518837 0.79772098 0.86127862 0.90474129
 0.9263839  0.93401881 0.93553409 0.93567455 0.93567915 0.93567918
 0.93567918 0.93567918]",[-0.59551138  0.03249933  0.93567918],0,0,0.00011633788849771822,0.00034109954119275097,0.00036404704508880063,0.009638907128902316,0.01845841690483646,0.019080016904835295,12,exp3,"[16, 23, 32, 45, 64, 91, 128, 181, 256, 362, 512, 724, 1024, 1620]","[0.571332  0.6572864 0.7387592 0.8042176 0.8550632 0.8886256 0.9102696
 0.9249304 0.9359096 0.9427112 0.9478688 0.950228  0.953516  0.9547592]",0.4469135802469136,0.8
4667,16,sklearn.linear_model.LogisticRegression,1024,"[0.58261614 0.65351021 0.72431576 0.79671735 0.86091267 0.90555383
 0.92830273 0.93658484 0.93830198 0.93847099 0.93847699 0.93847705
 0.93847705 0.93847705]",[-0.59131596  0.03173816  0.93847705],0,0,0.0001280325536712307,0.00026510855102248145,0.00026510855102248145,0.010175661406440422,0.016282154372885715,0.016282154372885715,13,exp3,"[16, 23, 32, 45, 64, 91, 128, 181, 256, 362, 512, 724, 1024, 1620]","[0.571332  0.6572864 0.7387592 0.8042176 0.8550632 0.8886256 0.9102696
 0.9249304 0.9359096 0.9427112 0.9478688 0.950228  0.953516  0.9547592]",0.6320987654320988,0.8
4668,16,sklearn.linear_model.LogisticRegression,45,"[ 0.59020641  0.64550231  0.71659704  0.81928943  0.96937831  1.1826625
  1.47494083  1.8936098   2.48606589  3.32340383  4.508316    6.18299187
  8.55281622 13.26086726]",[0.00789941 0.46381578],0,0,0.00030335735411541286,25.867566242524322,151.44029559735935,0.016973121741483133,3.4571170918077163,12.306108060526665,4,lin2,"[16, 23, 32, 45, 64, 91, 128, 181, 256, 362, 512, 724, 1024, 1620]","[0.571332  0.6572864 0.7387592 0.8042176 0.8550632 0.8886256 0.9102696
 0.9249304 0.9359096 0.9427112 0.9478688 0.950228  0.953516  0.9547592]",0.027777777777777776,0.05
4669,16,sklearn.linear_model.LogisticRegression,64,"[0.61149267 0.65133633 0.70256388 0.77655923 0.88470629 1.03838895
 1.24899111 1.55066448 1.97756076 2.5809075  3.43470005 4.64139353
 6.34897863 9.74138105]",[0.00569195 0.52042147],0,0,0.0009204164727825811,14.491355765845704,77.20472351744161,0.027921505149508863,2.6837941847865143,8.786621849006682,5,lin2,"[16, 23, 32, 45, 64, 91, 128, 181, 256, 362, 512, 724, 1024, 1620]","[0.571332  0.6572864 0.7387592 0.8042176 0.8550632 0.8886256 0.9102696
 0.9249304 0.9359096 0.9427112 0.9478688 0.950228  0.953516  0.9547592]",0.03950617283950617,0.05
4670,16,sklearn.linear_model.LogisticRegression,91,"[0.63695087 0.66469402 0.70036379 0.75188678 0.82718962 0.93419892
 1.08084129 1.29089658 1.58814463 2.0082552  2.6027513  3.44297245
 4.63196464 6.9940958 ]",[0.00396331 0.57353795],0,0,0.001904549159476276,7.585100314428048,36.4735866213688,0.039533269921136406,2.014966136253008,6.03933660441019,6,lin2,"[16, 23, 32, 45, 64, 91, 128, 181, 256, 362, 512, 724, 1024, 1620]","[0.571332  0.6572864 0.7387592 0.8042176 0.8550632 0.8886256 0.9102696
 0.9249304 0.9359096 0.9427112 0.9478688 0.950228  0.953516  0.9547592]",0.05617283950617284,0.1
4671,16,sklearn.linear_model.LogisticRegression,128,"[0.66298282 0.6821212  0.7067277  0.74227042 0.79421747 0.86803697
 0.96919702 1.11410195 1.31915611 1.60896598 2.01907428 2.59869402
 3.41891064 5.04840765]",[0.00273406 0.61923793],0,0,0.0030683777103218783,3.9039441324778528,16.757957592990802,0.05011801017755056,1.5024839182755139,4.09364844521251,7,lin2,"[16, 23, 32, 45, 64, 91, 128, 181, 256, 362, 512, 724, 1024, 1620]","[0.571332  0.6572864 0.7387592 0.8042176 0.8550632 0.8886256 0.9102696
 0.9249304 0.9359096 0.9427112 0.9478688 0.950228  0.953516  0.9547592]",0.07901234567901234,0.1
4672,16,sklearn.linear_model.LogisticRegression,181,"[0.68909476 0.70206839 0.71874877 0.74284266 0.7780568  0.82809796
 0.89667287 0.9949018  1.133905   1.33036285 1.60836926 2.00128497
 2.55729777 3.66190987]",[0.00185338 0.65944074],0,0,0.004339405216382789,1.9385397175978334,7.328664753709233,0.058129035004309215,1.101356152669074,2.7071506706700372,8,lin2,"[16, 23, 32, 45, 64, 91, 128, 181, 256, 362, 512, 724, 1024, 1620]","[0.571332  0.6572864 0.7387592 0.8042176 0.8550632 0.8886256 0.9102696
 0.9249304 0.9359096 0.9427112 0.9478688 0.950228  0.953516  0.9547592]",0.1117283950617284,0.2
4673,16,sklearn.linear_model.LogisticRegression,256,"[0.7137386  0.7224658  0.73368649 0.74989415 0.77358227 0.80724433
 0.85337382 0.91945121 1.01295694 1.14511171 1.33212317 1.5964327
 1.97045563 2.71351451]",[0.00124674 0.69379071],0,0,0.005552251142978547,0.9467168672578374,3.0932202276526164,0.06325185264723476,0.8017109021893187,1.758755306360898,9,lin2,"[16, 23, 32, 45, 64, 91, 128, 181, 256, 362, 512, 724, 1024, 1620]","[0.571332  0.6572864 0.7387592 0.8042176 0.8550632 0.8886256 0.9102696
 0.9249304 0.9359096 0.9427112 0.9478688 0.950228  0.953516  0.9547592]",0.1580246913580247,0.2
4674,16,sklearn.linear_model.LogisticRegression,362,"[0.73646942 0.74229878 0.74979367 0.76061962 0.77644216 0.79892683
 0.82973916 0.87387573 0.93633314 1.02460629 1.14952112 1.32606741
 1.57589706 2.07222531]",[0.00083277 0.72314517],0,0,0.006654586756356527,0.4545019042451869,1.2487305128250734,0.06870057935403685,0.579334724822363,1.1174661126070327,10,lin2,"[16, 23, 32, 45, 64, 91, 128, 181, 256, 362, 512, 724, 1024, 1620]","[0.571332  0.6572864 0.7387592 0.8042176 0.8550632 0.8886256 0.9102696
 0.9249304 0.9359096 0.9427112 0.9478688 0.950228  0.953516  0.9547592]",0.2234567901234568,0.4
4675,16,sklearn.linear_model.LogisticRegression,512,"[0.75696189 0.76084243 0.7658317  0.77303842 0.78357131 0.79853911
 0.81905054 0.84843178 0.890009   0.94877148 1.03192592 1.14945087
 1.31575976 1.64616009]",[5.54362965e-04 7.48092085e-01],0,0,0.0075905619430181835,0.21631516046009494,0.47803518707574444,0.07388651355142423,0.41762250627624403,0.6914008873842616,11,lin2,"[16, 23, 32, 45, 64, 91, 128, 181, 256, 362, 512, 724, 1024, 1620]","[0.571332  0.6572864 0.7387592 0.8042176 0.8550632 0.8886256 0.9102696
 0.9249304 0.9359096 0.9427112 0.9478688 0.950228  0.953516  0.9547592]",0.3160493827160494,0.4
4676,16,sklearn.linear_model.LogisticRegression,724,"[0.77534016 0.77791011 0.78121434 0.78598711 0.7929627  0.80287538
 0.81645943 0.83591766 0.86345288 0.90236934 0.95743979 1.0352727
 1.14541361 1.36422689]",[3.67136368e-04 7.69465973e-01],0,0,0.008369919327807866,0.10224424153091839,0.16766378873634125,0.0769504499595068,0.3006826518318063,0.40946768949007595,12,lin2,"[16, 23, 32, 45, 64, 91, 128, 181, 256, 362, 512, 724, 1024, 1620]","[0.571332  0.6572864 0.7387592 0.8042176 0.8550632 0.8886256 0.9102696
 0.9249304 0.9359096 0.9427112 0.9478688 0.950228  0.953516  0.9547592]",0.4469135802469136,0.8
4677,16,sklearn.linear_model.LogisticRegression,1024,"[0.7914747  0.79317957 0.79537154 0.79853773 0.80316523 0.80974116
 0.81875261 0.83166091 0.84992736 0.87574396 0.91227687 0.96391006
 1.03697589 1.18213334]",[2.43552769e-04 7.87577856e-01],0,0,0.008958060465748936,0.051699000048113154,0.051699000048113154,0.07842925623715966,0.22737414111572396,0.22737414111572396,13,lin2,"[16, 23, 32, 45, 64, 91, 128, 181, 256, 362, 512, 724, 1024, 1620]","[0.571332  0.6572864 0.7387592 0.8042176 0.8550632 0.8886256 0.9102696
 0.9249304 0.9359096 0.9427112 0.9478688 0.950228  0.953516  0.9547592]",0.6320987654320988,0.8
4678,16,sklearn.linear_model.LogisticRegression,45,"[0.8042176 0.8042176 0.8042176 0.8042176 0.8042176 0.8042176 0.8042176
 0.8042176 0.8042176 0.8042176 0.8042176 0.8042176 0.8042176 0.8042176]",[0.8042176],0,0,0.0200273205878403,0.01589593421389304,0.02266277333059,0.11131880000000136,0.12217056000001694,0.15054160000009964,4,last1,"[16, 23, 32, 45, 64, 91, 128, 181, 256, 362, 512, 724, 1024, 1620]","[0.571332  0.6572864 0.7387592 0.8042176 0.8550632 0.8886256 0.9102696
 0.9249304 0.9359096 0.9427112 0.9478688 0.950228  0.953516  0.9547592]",0.027777777777777776,0.05
4679,16,sklearn.linear_model.LogisticRegression,64,"[0.8550632 0.8550632 0.8550632 0.8550632 0.8550632 0.8550632 0.8550632
 0.8550632 0.8550632 0.8550632 0.8550632 0.8550632 0.8550632 0.8550632]",[0.8550632],0,0,0.027146190385407803,0.006730598224643309,0.009939292416019393,0.12973151999999968,0.07924995555557228,0.09969600000009726,5,last1,"[16, 23, 32, 45, 64, 91, 128, 181, 256, 362, 512, 724, 1024, 1620]","[0.571332  0.6572864 0.7387592 0.8042176 0.8550632 0.8886256 0.9102696
 0.9249304 0.9359096 0.9427112 0.9478688 0.950228  0.953516  0.9547592]",0.03950617283950617,0.05
4680,16,sklearn.linear_model.LogisticRegression,91,"[0.8886256 0.8886256 0.8886256 0.8886256 0.8886256 0.8886256 0.8886256
 0.8886256 0.8886256 0.8886256 0.8886256 0.8886256 0.8886256 0.8886256]",[0.8886256],0,0,0.03081735617738668,0.0028545699394388084,0.004373653048951117,0.1360782666666665,0.05139849999998981,0.06613359999993285,6,last1,"[16, 23, 32, 45, 64, 91, 128, 181, 256, 362, 512, 724, 1024, 1620]","[0.571332  0.6572864 0.7387592 0.8042176 0.8550632 0.8886256 0.9102696
 0.9249304 0.9359096 0.9427112 0.9478688 0.950228  0.953516  0.9547592]",0.05617283950617284,0.1
4681,16,sklearn.linear_model.LogisticRegression,128,"[0.9102696 0.9102696 0.9102696 0.9102696 0.9102696 0.9102696 0.9102696
 0.9102696 0.9102696 0.9102696 0.9102696 0.9102696 0.9102696 0.9102696]",[0.9102696],0,0,0.03186546421787495,0.001254965037074907,0.001979324508160802,0.13519051428571838,0.03400514285715201,0.04448960000000901,7,last1,"[16, 23, 32, 45, 64, 91, 128, 181, 256, 362, 512, 724, 1024, 1620]","[0.571332  0.6572864 0.7387592 0.8042176 0.8550632 0.8886256 0.9102696
 0.9249304 0.9359096 0.9427112 0.9478688 0.950228  0.953516  0.9547592]",0.07901234567901234,0.1
4682,16,sklearn.linear_model.LogisticRegression,181,"[0.9249304 0.9249304 0.9249304 0.9249304 0.9249304 0.9249304 0.9249304
 0.9249304 0.9249304 0.9249304 0.9249304 0.9249304 0.9249304 0.9249304]",[0.9249304],0,0,0.03153885477592045,0.0005516220464003452,0.0008897573094404497,0.13111990000000273,0.02256840000000765,0.029828800000007538,8,last1,"[16, 23, 32, 45, 64, 91, 128, 181, 256, 362, 512, 724, 1024, 1620]","[0.571332  0.6572864 0.7387592 0.8042176 0.8550632 0.8886256 0.9102696
 0.9249304 0.9359096 0.9427112 0.9478688 0.950228  0.953516  0.9547592]",0.1117283950617284,0.2
4683,16,sklearn.linear_model.LogisticRegression,256,"[0.9359096 0.9359096 0.9359096 0.9359096 0.9359096 0.9359096 0.9359096
 0.9359096 0.9359096 0.9359096 0.9359096 0.9359096 0.9359096 0.9359096]",[0.9359096],0,0,0.03070096072952949,0.00021191870937574755,0.0003553074201578244,0.12631031111111302,0.01390703999999925,0.01884959999994229,9,last1,"[16, 23, 32, 45, 64, 91, 128, 181, 256, 362, 512, 724, 1024, 1620]","[0.571332  0.6572864 0.7387592 0.8042176 0.8550632 0.8886256 0.9102696
 0.9249304 0.9359096 0.9427112 0.9478688 0.950228  0.953516  0.9547592]",0.1580246913580247,0.2
4684,16,sklearn.linear_model.LogisticRegression,362,"[0.9427112 0.9427112 0.9427112 0.9427112 0.9427112 0.9427112 0.9427112
 0.9427112 0.9427112 0.9427112 0.9427112 0.9427112 0.9427112 0.9427112]",[0.9427112],0,0,0.02921890222457666,8.625028175939415e-05,0.00014515430399819835,0.11980072000000393,0.008881799999982176,0.01204799999992523,10,last1,"[16, 23, 32, 45, 64, 91, 128, 181, 256, 362, 512, 724, 1024, 1620]","[0.571332  0.6572864 0.7387592 0.8042176 0.8550632 0.8886256 0.9102696
 0.9249304 0.9359096 0.9427112 0.9478688 0.950228  0.953516  0.9547592]",0.2234567901234568,0.4
4685,16,sklearn.linear_model.LogisticRegression,512,"[0.9478688 0.9478688 0.9478688 0.9478688 0.9478688 0.9478688 0.9478688
 0.9478688 0.9478688 0.9478688 0.9478688 0.9478688 0.9478688 0.9478688]",[0.9478688],0,0,0.02771024677207301,2.8311434880592614e-05,4.7477612161068946e-05,0.1135984727272735,0.004965600000039798,0.006890400000077568,11,last1,"[16, 23, 32, 45, 64, 91, 128, 181, 256, 362, 512, 724, 1024, 1620]","[0.571332  0.6572864 0.7387592 0.8042176 0.8550632 0.8886256 0.9102696
 0.9249304 0.9359096 0.9427112 0.9478688 0.950228  0.953516  0.9547592]",0.3160493827160494,0.4
4686,16,sklearn.linear_model.LogisticRegression,724,"[0.950228 0.950228 0.950228 0.950228 0.950228 0.950228 0.950228 0.950228
 0.950228 0.950228 0.950228 0.950228 0.950228 0.950228]",[0.950228],0,0,0.025897497661227096,1.567135872060113e-05,2.0531773440695855e-05,0.10629453333333783,0.003909600000076896,0.004531200000076785,12,last1,"[16, 23, 32, 45, 64, 91, 128, 181, 256, 362, 512, 724, 1024, 1620]","[0.571332  0.6572864 0.7387592 0.8042176 0.8550632 0.8886256 0.9102696
 0.9249304 0.9359096 0.9427112 0.9478688 0.950228  0.953516  0.9547592]",0.4469135802469136,0.8
4687,16,sklearn.linear_model.LogisticRegression,1024,"[0.953516 0.953516 0.953516 0.953516 0.953516 0.953516 0.953516 0.953516
 0.953516 0.953516 0.953516 0.953516 0.953516 0.953516]",[0.953516],0,0,0.024560585959778784,1.5455462399138734e-06,1.5455462399138734e-06,0.10115310769231459,0.001243199999965361,0.001243199999965361,13,last1,"[16, 23, 32, 45, 64, 91, 128, 181, 256, 362, 512, 724, 1024, 1620]","[0.571332  0.6572864 0.7387592 0.8042176 0.8550632 0.8886256 0.9102696
 0.9249304 0.9359096 0.9427112 0.9478688 0.950228  0.953516  0.9547592]",0.6320987654320988,0.8
4688,16,sklearn.linear_model.LogisticRegression,45,"[0.57026165 0.66070635 0.73522697 0.8053944  0.87214015 0.9345639
 0.99233869 1.049404   1.10582897 1.16231018 1.219532   1.27791781
 1.33794123 1.42038133]",[-0.5782388  -5.33203761  0.12617492],0,0,6.675800247514839e-06,0.0647495502247112,0.21680396825988388,0.0022998317120442313,0.21084766640980232,0.4656221303373411,4,vap3,"[16, 23, 32, 45, 64, 91, 128, 181, 256, 362, 512, 724, 1024, 1620]","[0.571332  0.6572864 0.7387592 0.8042176 0.8550632 0.8886256 0.9102696
 0.9249304 0.9359096 0.9427112 0.9478688 0.950228  0.953516  0.9547592]",0.027777777777777776,0.05
4689,16,sklearn.linear_model.LogisticRegression,64,"[0.56881591 0.66321397 0.73659232 0.80091093 0.85709844 0.90498167
 0.94538404 0.98193345 1.01524963 1.04627571 1.07579848 1.104343
 1.13236325 1.16912335]",[-0.31459514 -6.84540901  0.06428461],0,0,1.2247701900087312e-05,0.015536234061428428,0.04595198974968324,0.0031904925546473615,0.10740379784546049,0.21436415220293537,5,vap3,"[16, 23, 32, 45, 64, 91, 128, 181, 256, 362, 512, 724, 1024, 1620]","[0.571332  0.6572864 0.7387592 0.8042176 0.8550632 0.8886256 0.9102696
 0.9249304 0.9359096 0.9427112 0.9478688 0.950228  0.953516  0.9547592]",0.03950617283950617,0.05
4690,16,sklearn.linear_model.LogisticRegression,91,"[0.5670331  0.66508914 0.73888917 0.80073311 0.85160765 0.89186041
 0.92309094 0.94890593 0.97033516 0.98854824 1.00446595 1.01873219
 1.03185044 1.04801661]",[-0.15323137 -7.85614525  0.02773684],0,0,1.89877869746127e-05,0.0033443318761192838,0.008696943971581016,0.0037344103794504,0.05171908114400406,0.09325740706014196,6,vap3,"[16, 23, 32, 45, 64, 91, 128, 181, 256, 362, 512, 724, 1024, 1620]","[0.571332  0.6572864 0.7387592 0.8042176 0.8550632 0.8886256 0.9102696
 0.9249304 0.9359096 0.9427112 0.9478688 0.950228  0.953516  0.9547592]",0.05617283950617284,0.1
4691,16,sklearn.linear_model.LogisticRegression,128,"[0.56547149 0.66613521 0.74074464 0.80181425 0.85036423 0.88703419
 0.91386234 0.93450212 0.95022454 0.9623423  0.97186633 0.97951656
 0.98583503 0.99277977]",[-0.06623258 -8.44718467  0.00868727],0,0,2.2840834467374118e-05,0.0006579571025474289,0.0014455634642492798,0.004140176215042289,0.02387763453390728,0.038020566332569006,7,vap3,"[16, 23, 32, 45, 64, 91, 128, 181, 256, 362, 512, 724, 1024, 1620]","[0.571332  0.6572864 0.7387592 0.8042176 0.8550632 0.8886256 0.9102696
 0.9249304 0.9359096 0.9427112 0.9478688 0.950228  0.953516  0.9547592]",0.07901234567901234,0.1
4692,16,sklearn.linear_model.LogisticRegression,181,"[0.56424682 0.66665512 0.74200998 0.80295389 0.85051811 0.88549752
 0.91017308 0.92824646 0.94112585 0.95020901 0.95656188 0.96094952
 0.96393836 0.96640944]",[-1.90924236e-02 -8.79282510e+00 -1.30546063e-03],0,0,2.394818111905071e-05,8.638346905825452e-05,0.00013572807620248627,0.004006766967896369,0.009033544152766582,0.011650239319537015,8,vap3,"[16, 23, 32, 45, 64, 91, 128, 181, 256, 362, 512, 724, 1024, 1620]","[0.571332  0.6572864 0.7387592 0.8042176 0.8550632 0.8886256 0.9102696
 0.9249304 0.9359096 0.9427112 0.9478688 0.950228  0.953516  0.9547592]",0.1117283950617284,0.2
4693,16,sklearn.linear_model.LogisticRegression,256,"[0.56357641 0.66682681 0.74260608 0.80361325 0.85087986 0.88526127
 0.90913842 0.92624009 0.9380323  0.94594992 0.95108336 0.9542174
 0.95592952 0.95669122]",[ 1.87478234e-04 -8.94448554e+00 -5.26925912e-03],0,0,2.2516892892919195e-05,9.259156137442433e-06,3.732714935675087e-06,0.003762052610346135,0.0029576440545981074,0.0019320235339340686,9,vap3,"[16, 23, 32, 45, 64, 91, 128, 181, 256, 362, 512, 724, 1024, 1620]","[0.571332  0.6572864 0.7387592 0.8042176 0.8550632 0.8886256 0.9102696
 0.9249304 0.9359096 0.9427112 0.9478688 0.950228  0.953516  0.9547592]",0.1580246913580247,0.2
4694,16,sklearn.linear_model.LogisticRegression,362,"[0.5631683  0.66688136 0.74291884 0.8040089  0.851181   0.88531769
 0.9088478  0.92551612 0.93681696 0.94420394 0.94877996 0.95133983
 0.9524668  0.95244523]",[ 9.43360755e-03 -9.02209879e+00 -7.11580407e-03],0,0,2.074853323934648e-05,2.1304117097509125e-06,5.354445583299928e-06,0.003372472866287868,0.0013465395432991634,0.002313967498324021,10,vap3,"[16, 23, 32, 45, 64, 91, 128, 181, 256, 362, 512, 724, 1024, 1620]","[0.571332  0.6572864 0.7387592 0.8042176 0.8550632 0.8886256 0.9102696
 0.9249304 0.9359096 0.9427112 0.9478688 0.950228  0.953516  0.9547592]",0.2234567901234568,0.4
4695,16,sklearn.linear_model.LogisticRegression,512,"[0.56305721 0.66688591 0.74299257 0.8041123  0.85127361 0.88536467
 0.90882496 0.92540342 0.93660077 0.94387498 0.94833192 0.95076873
 0.95177003 0.95158005]",[ 1.14937868e-02 -9.04046408e+00 -7.51601500e-03],0,0,1.8900662188735047e-05,4.482588067383146e-06,1.0106968201364962e-05,0.0030453841270637882,0.001821948034250176,0.00317914582889256,11,vap3,"[16, 23, 32, 45, 64, 91, 128, 181, 256, 362, 512, 724, 1024, 1620]","[0.571332  0.6572864 0.7387592 0.8042176 0.8550632 0.8886256 0.9102696
 0.9249304 0.9359096 0.9427112 0.9478688 0.950228  0.953516  0.9547592]",0.3160493827160494,0.4
4696,16,sklearn.linear_model.LogisticRegression,724,"[0.56299395 0.66688394 0.74302914 0.80416825 0.85132908 0.88540232
 0.90883249 0.92537083 0.93652116 0.94374364 0.9481456  0.95052538
 0.95146829 0.95119991]",[ 1.24827745e-02 -9.04978496e+00 -7.70312789e-03],0,0,1.7339006686557057e-05,8.430821879286754e-06,1.266852455961606e-05,0.0027756664867164917,0.0028034989036846425,0.0035592870858665027,12,vap3,"[16, 23, 32, 45, 64, 91, 128, 181, 256, 362, 512, 724, 1024, 1620]","[0.571332  0.6572864 0.7387592 0.8042176 0.8550632 0.8886256 0.9102696
 0.9249304 0.9359096 0.9427112 0.9478688 0.950228  0.953516  0.9547592]",0.4469135802469136,0.8
4697,16,sklearn.linear_model.LogisticRegression,1024,"[0.56322281 0.66690423 0.74291317 0.80397648 0.85112476 0.88524151
 0.90875553 0.92541017 0.93669941 0.9440764  0.94864364 0.95119562
 0.95231534 0.95228492]",[ 9.39631023e-03 -9.01915589e+00 -7.13378033e-03],0,0,1.619437594156772e-05,6.12205018317881e-06,6.12205018317881e-06,0.0028105073771506573,0.0024742777093889057,0.0024742777093889057,13,vap3,"[16, 23, 32, 45, 64, 91, 128, 181, 256, 362, 512, 724, 1024, 1620]","[0.571332  0.6572864 0.7387592 0.8042176 0.8550632 0.8886256 0.9102696
 0.9249304 0.9359096 0.9427112 0.9478688 0.950228  0.953516  0.9547592]",0.6320987654320988,0.8
4698,16,sklearn.linear_model.LogisticRegression,45,"[0.571332   0.6572864  0.7387592  0.8042176  0.84545512 0.86675833
 0.87666432 0.88133653 0.88345279 0.88440186 0.88482638 0.88501569
 0.88510016 0.88514476]",[4.47256819e-01 1.62700420e+03 8.85168048e-01 2.33230144e+00],0,1,0.0,0.002750581824929637,0.004846170782266722,0.0,0.04857256607578826,0.06961444377617854,4,mmf4,"[16, 23, 32, 45, 64, 91, 128, 181, 256, 362, 512, 724, 1024, 1620]","[0.571332  0.6572864 0.7387592 0.8042176 0.8550632 0.8886256 0.9102696
 0.9249304 0.9359096 0.9427112 0.9478688 0.950228  0.953516  0.9547592]",0.027777777777777776,0.05
4699,16,sklearn.linear_model.LogisticRegression,64,"[0.57114997 0.65808207 0.73738576 0.8053587  0.85468191 0.88518538
 0.90226241 0.91190325 0.91710964 0.9198803  0.9213461  0.92211765
 0.92252348 0.92278078]",[  0.38997824 339.10789759   0.92297163   1.86202853],0,1,8.000102269034469e-07,0.0005107939916622641,0.0010226192338382335,0.0007747061049291348,0.020412155408474172,0.031978418251036644,5,mmf4,"[16, 23, 32, 45, 64, 91, 128, 181, 256, 362, 512, 724, 1024, 1620]","[0.571332  0.6572864 0.7387592 0.8042176 0.8550632 0.8886256 0.9102696
 0.9249304 0.9359096 0.9427112 0.9478688 0.950228  0.953516  0.9547592]",0.03950617283950617,0.05
4700,16,sklearn.linear_model.LogisticRegression,91,"[0.57102504 0.65851186 0.73704468 0.80491784 0.85557587 0.88820872
 0.90732518 0.91862428 0.9250124  0.9285682  0.93053418 0.93161499
 0.93220848 0.93260327]",[  0.36555906 219.30191287   0.9329269    1.7400189 ],0,2,9.104184234275373e-07,0.00024487987823683334,0.0004908852087119695,0.0008127871495208031,0.01421272733584264,0.022155929425595522,6,mmf4,"[16, 23, 32, 45, 64, 91, 128, 181, 256, 362, 512, 724, 1024, 1620]","[0.571332  0.6572864 0.7387592 0.8042176 0.8550632 0.8886256 0.9102696
 0.9249304 0.9359096 0.9427112 0.9478688 0.950228  0.953516  0.9547592]",0.05617283950617284,0.1
4701,16,sklearn.linear_model.LogisticRegression,128,"[0.57088096 0.65892575 0.73690557 0.80442513 0.85556019 0.88927894
 0.90957706 0.92192005 0.92910237 0.93321587 0.93555501 0.93687714
 0.93762335 0.93813521]",[  0.3453296  163.63888811   0.93858349   1.66232218],0,0,1.0747670326005304e-06,0.00014348149332695445,0.00027635710011159834,0.0008563448034762786,0.01107060218058006,0.01662399170210327,7,mmf4,"[16, 23, 32, 45, 64, 91, 128, 181, 256, 362, 512, 724, 1024, 1620]","[0.571332  0.6572864 0.7387592 0.8042176 0.8550632 0.8886256 0.9102696
 0.9249304 0.9359096 0.9427112 0.9478688 0.950228  0.953516  0.9547592]",0.07901234567901234,0.1
4702,16,sklearn.linear_model.LogisticRegression,181,"[0.57071206 0.65935223 0.7368788  0.80396371 0.85525293 0.88964491
 0.91077429 0.92390508 0.93171881 0.93629502 0.93895546 0.94049247
 0.94137897 0.942002  ]",[  0.32564954 128.5150173    0.94257773   1.60104036],0,0,1.3291624591559796e-06,9.050197053181023e-05,0.00016274613101381106,0.0009448880506570112,0.009025011248203263,0.012757199183747625,8,mmf4,"[16, 23, 32, 45, 64, 91, 128, 181, 256, 362, 512, 724, 1024, 1620]","[0.571332  0.6572864 0.7387592 0.8042176 0.8550632 0.8886256 0.9102696
 0.9249304 0.9359096 0.9427112 0.9478688 0.950228  0.953516  0.9547592]",0.1117283950617284,0.2
4703,16,sklearn.linear_model.LogisticRegression,256,"[0.57046518 0.65991989 0.73694708 0.803432   0.85470118 0.88966597
 0.91161093 0.92557006 0.9340813  0.93918957 0.94223257 0.94403358
 0.94509756 0.94586569]",[ 0.29906413 97.28320075  0.94662017  1.53330448],0,2,2.039113302871307e-06,4.650087673148356e-05,7.909450405689007e-05,0.0012566332311301468,0.006532845149994726,0.008893509096913887,9,mmf4,"[16, 23, 32, 45, 64, 91, 128, 181, 256, 362, 512, 724, 1024, 1620]","[0.571332  0.6572864 0.7387592 0.8042176 0.8550632 0.8886256 0.9102696
 0.9249304 0.9359096 0.9427112 0.9478688 0.950228  0.953516  0.9547592]",0.1580246913580247,0.2
4704,16,sklearn.linear_model.LogisticRegression,362,"[0.570258   0.66036402 0.73705807 0.80307572 0.85422996 0.88948771
 0.91192529 0.92641963 0.93540254 0.94088385 0.94420354 0.94620091
 0.94740035 0.94828232]",[ 0.27725801 79.85996796  0.94918642  1.48709396],0,1,2.4815923120679483e-06,2.7250684797233742e-05,4.195000763824855e-05,0.0014169309201645275,0.00507122025016038,0.006476882555539243,10,mmf4,"[16, 23, 32, 45, 64, 91, 128, 181, 256, 362, 512, 724, 1024, 1620]","[0.571332  0.6572864 0.7387592 0.8042176 0.8550632 0.8886256 0.9102696
 0.9249304 0.9359096 0.9427112 0.9478688 0.950228  0.953516  0.9547592]",0.2234567901234568,0.4
4705,16,sklearn.linear_model.LogisticRegression,512,"[0.57004875 0.66078867 0.7372042  0.80278304 0.85377108 0.88921262
 0.91202607 0.92695489 0.93633574 0.94214119 0.94570735 0.94788355
 0.94920888 0.95019895]",[ 0.25539922 67.00202538  0.95125266  1.44732892],0,0,2.978629496518732e-06,1.494787134597888e-05,2.0795911638248584e-05,0.0015084349375756867,0.0037372734788638042,0.004560253462062014,11,mmf4,"[16, 23, 32, 45, 64, 91, 128, 181, 256, 362, 512, 724, 1024, 1620]","[0.571332  0.6572864 0.7387592 0.8042176 0.8550632 0.8886256 0.9102696
 0.9249304 0.9359096 0.9427112 0.9478688 0.950228  0.953516  0.9547592]",0.3160493827160494,0.4
4706,16,sklearn.linear_model.LogisticRegression,724,"[0.56992177 0.6610355  0.73730622 0.80263515 0.85350643 0.88901756
 0.91201105 0.92715994 0.93674879 0.94272762 0.94642813 0.94870344
 0.9500996  0.95115144]",[ 0.24222287 60.82961421  0.95229398  1.42602376],0,0,3.0287339382410694e-06,1.234387303692571e-05,1.3015930230753736e-05,0.001494610525094281,0.0035120818295296674,0.0036077597246426674,12,mmf4,"[16, 23, 32, 45, 64, 91, 128, 181, 256, 362, 512, 724, 1024, 1620]","[0.571332  0.6572864 0.7387592 0.8042176 0.8550632 0.8886256 0.9102696
 0.9249304 0.9359096 0.9427112 0.9478688 0.950228  0.953516  0.9547592]",0.4469135802469136,0.8
4707,16,sklearn.linear_model.LogisticRegression,1024,"[0.56974793 0.66136199 0.73745848 0.80246345 0.85316282 0.88873116
 0.91192566 0.92733335 0.9371736  0.94336604 0.94723468 0.94963568
 0.95112275 0.95225492]",[ 0.22419574 53.80912671  0.9535166   1.39961141],0,0,3.4257697482525063e-06,6.271402842860482e-06,6.271402842860482e-06,0.00156292402430522,0.002504276910179959,0.002504276910179959,13,mmf4,"[16, 23, 32, 45, 64, 91, 128, 181, 256, 362, 512, 724, 1024, 1620]","[0.571332  0.6572864 0.7387592 0.8042176 0.8550632 0.8886256 0.9102696
 0.9249304 0.9359096 0.9427112 0.9478688 0.950228  0.953516  0.9547592]",0.6320987654320988,0.8
4708,16,sklearn.linear_model.LogisticRegression,45,"[0.571332   0.6572864  0.7387592  0.8042176  0.83668884 0.84376399
 0.84421572 0.84422067 0.84422067 0.84422067 0.84422067 0.84422067
 0.84422067 0.84422067]",[0.00901403 0.46608783 0.84422067 1.47301472],0,0,0.0,0.007747932035839606,0.012218765615037416,0.0,0.0829668337577258,0.11053852547884568,4,wbl4,"[16, 23, 32, 45, 64, 91, 128, 181, 256, 362, 512, 724, 1024, 1620]","[0.571332  0.6572864 0.7387592 0.8042176 0.8550632 0.8886256 0.9102696
 0.9249304 0.9359096 0.9427112 0.9478688 0.950228  0.953516  0.9547592]",0.027777777777777776,0.05
4709,16,sklearn.linear_model.LogisticRegression,64,"[0.57123735 0.65778928 0.73774053 0.80516525 0.85472599 0.88702356
 0.90661613 0.91878843 0.92608999 0.93042295 0.93298321 0.93448918
 0.93537443 0.93601046]",[124.66705898  -0.44408977   0.49253954  -1.54270535],0,0,4.622620243023985e-07,0.00016122080540943482,0.0003515152589922055,0.000580215760722358,0.011224452097100114,0.018748740197469416,5,wbl4,"[16, 23, 32, 45, 64, 91, 128, 181, 256, 362, 512, 724, 1024, 1620]","[0.571332  0.6572864 0.7387592 0.8042176 0.8550632 0.8886256 0.9102696
 0.9249304 0.9359096 0.9427112 0.9478688 0.950228  0.953516  0.9547592]",0.03950617283950617,0.05
4710,16,sklearn.linear_model.LogisticRegression,91,"[0.57066518 0.65957039 0.73638341 0.80433115 0.85634543 0.88798843
 0.90264766 0.9078532  0.90903868 0.90919427 0.90920428 0.90920453
 0.90920454 0.90920454]",[0.09160052 0.81829779 0.90920454 0.8170773 ],0,0,2.228101707652708e-06,0.001176469801755581,0.0020752273904853244,0.001226589560627193,0.03183013770829693,0.045554663762180536,6,wbl4,"[16, 23, 32, 45, 64, 91, 128, 181, 256, 362, 512, 724, 1024, 1620]","[0.571332  0.6572864 0.7387592 0.8042176 0.8550632 0.8886256 0.9102696
 0.9249304 0.9359096 0.9427112 0.9478688 0.950228  0.953516  0.9547592]",0.05617283950617284,0.1
4711,16,sklearn.linear_model.LogisticRegression,128,"[0.57113418 0.65818286 0.73741531 0.80476797 0.85522855 0.88892408
 0.90990065 0.92327593 0.93151107 0.93652555 0.93956477 0.94139798
 0.94250278 0.94331907]",[97.46725027 -0.46226702  0.48189976 -1.47221672],0,0,4.577562710800838e-07,6.563437420469466e-05,0.00013087666315189582,0.0005459048628047818,0.0074037230804367814,0.01144013387823306,7,wbl4,"[16, 23, 32, 45, 64, 91, 128, 181, 256, 362, 512, 724, 1024, 1620]","[0.571332  0.6572864 0.7387592 0.8042176 0.8550632 0.8886256 0.9102696
 0.9249304 0.9359096 0.9427112 0.9478688 0.950228  0.953516  0.9547592]",0.07901234567901234,0.1
4712,16,sklearn.linear_model.LogisticRegression,181,"[0.56978277 0.66147552 0.73672117 0.80235834 0.85466174 0.89065543
 0.91182435 0.92300468 0.92776389 0.92935591 0.92975395 0.92982351
 0.9298314  0.92983194]",[0.2301305  1.20838264 0.92983194 0.59885837],0,0,4.745782608722114e-06,0.00036192271091397356,0.0006213684590529753,0.0019434240000606867,0.018105367622440267,0.024927263368708874,8,wbl4,"[16, 23, 32, 45, 64, 91, 128, 181, 256, 362, 512, 724, 1024, 1620]","[0.571332  0.6572864 0.7387592 0.8042176 0.8550632 0.8886256 0.9102696
 0.9249304 0.9359096 0.9427112 0.9478688 0.950228  0.953516  0.9547592]",0.1117283950617284,0.2
4713,16,sklearn.linear_model.LogisticRegression,256,"[0.56922782 0.66246838 0.73721741 0.80172203 0.85341323 0.89005075
 0.91294961 0.92633715 0.93300722 0.9358135  0.93678199 0.93704538
 0.93709954 0.93710799]",[0.34409673 1.53383385 0.93710834 0.51321873],0,0,6.913803630720701e-06,0.00018506854399147856,0.00031156535053570043,0.0023764218536460355,0.0130469611656854,0.017651213854454895,9,wbl4,"[16, 23, 32, 45, 64, 91, 128, 181, 256, 362, 512, 724, 1024, 1620]","[0.571332  0.6572864 0.7387592 0.8042176 0.8550632 0.8886256 0.9102696
 0.9249304 0.9359096 0.9427112 0.9478688 0.950228  0.953516  0.9547592]",0.1580246913580247,0.2
4714,16,sklearn.linear_model.LogisticRegression,362,"[0.56875296 0.66324777 0.73770513 0.80138243 0.85247404 0.8892602
 0.91305154 0.92778495 0.93580584 0.93963995 0.94121922 0.94176457
 0.94191838 0.94195569]",[0.46460507 1.91003318 0.94195907 0.45330568],0,0,8.377601889542424e-06,0.00010357032044215617,0.00016392995076578096,0.002446490332175677,0.009878535169516617,0.01280351321965112,10,wbl4,"[16, 23, 32, 45, 64, 91, 128, 181, 256, 362, 512, 724, 1024, 1620]","[0.571332  0.6572864 0.7387592 0.8042176 0.8550632 0.8886256 0.9102696
 0.9249304 0.9359096 0.9427112 0.9478688 0.950228  0.953516  0.9547592]",0.2234567901234568,0.4
4715,16,sklearn.linear_model.LogisticRegression,512,"[0.56830398 0.66393484 0.73819857 0.80119401 0.85170948 0.88844334
 0.91275433 0.92841219 0.93746641 0.94218444 0.94437202 0.94525669
 0.94556339 0.94566281]",[0.60052547 2.39005556 0.94567783 0.40499417],0,0,9.757561683992328e-06,5.6900731676294795e-05,8.274437168811469e-05,0.0025766853126319785,0.0073401016393294105,0.009096393334070085,11,wbl4,"[16, 23, 32, 45, 64, 91, 128, 181, 256, 362, 512, 724, 1024, 1620]","[0.571332  0.6572864 0.7387592 0.8042176 0.8550632 0.8886256 0.9102696
 0.9249304 0.9359096 0.9427112 0.9478688 0.950228  0.953516  0.9547592]",0.3160493827160494,0.4
4716,16,sklearn.linear_model.LogisticRegression,724,"[0.57055152 0.65973676 0.73735932 0.80334306 0.85393799 0.88895408
 0.91166406 0.92677815 0.93650218 0.94268982 0.94660805 0.9490766
 0.95063005 0.95183507]",[60.22368395 -0.50356298  0.4496812  -1.34982083],0,0,1.6114497905358027e-06,8.439614059432454e-06,8.550530272320245e-06,0.0011022718945666772,0.002905038660545145,0.0029241289766903655,12,wbl4,"[16, 23, 32, 45, 64, 91, 128, 181, 256, 362, 512, 724, 1024, 1620]","[0.571332  0.6572864 0.7387592 0.8042176 0.8550632 0.8886256 0.9102696
 0.9249304 0.9359096 0.9427112 0.9478688 0.950228  0.953516  0.9547592]",0.4469135802469136,0.8
4717,16,sklearn.linear_model.LogisticRegression,1024,"[0.5676321  0.66488391 0.73897069 0.80109873 0.85078256 0.88724163
 0.91194609 0.92852399 0.93873578 0.94455777 0.94760846 0.94905837
 0.94967752 0.94994668]",[0.84843984 3.46649169 0.9500165  0.34438721],0,0,1.1131852494313256e-05,2.3160323904002525e-05,2.3160323904002525e-05,0.0027310509916008184,0.004812517418566142,0.004812517418566142,13,wbl4,"[16, 23, 32, 45, 64, 91, 128, 181, 256, 362, 512, 724, 1024, 1620]","[0.571332  0.6572864 0.7387592 0.8042176 0.8550632 0.8886256 0.9102696
 0.9249304 0.9359096 0.9427112 0.9478688 0.950228  0.953516  0.9547592]",0.6320987654320988,0.8
4718,16,sklearn.linear_model.LogisticRegression,45,"[0.571332   0.6572864  0.7387592  0.8042176  0.83668884 0.84376399
 0.84421572 0.84422067 0.84422067 0.84422067 0.84422067 0.84422067
 0.84422067 0.84422067]",[ 0.00901403 -0.76338119  0.84422067  1.47301472],0,0,0.0,0.007747932035839606,0.012218765615037416,0.0,0.0829668337577258,0.11053852547884568,4,exp4,"[16, 23, 32, 45, 64, 91, 128, 181, 256, 362, 512, 724, 1024, 1620]","[0.571332  0.6572864 0.7387592 0.8042176 0.8550632 0.8886256 0.9102696
 0.9249304 0.9359096 0.9427112 0.9478688 0.950228  0.953516  0.9547592]",0.027777777777777776,0.05
4719,16,sklearn.linear_model.LogisticRegression,64,"[0.57099064 0.65862162 0.73680888 0.80553906 0.85469819 0.87997152
 0.88850402 0.89028779 0.89046034 0.89046635 0.8904664  0.8904664
 0.8904664  0.8904664 ]",[ 0.04693641 -0.40282138  0.8904664   0.99383375],0,0,1.5165112268128688e-06,0.002391022683646865,0.004133564149154808,0.0010626722003280076,0.04525142058583079,0.06429280013465588,5,exp4,"[16, 23, 32, 45, 64, 91, 128, 181, 256, 362, 512, 724, 1024, 1620]","[0.571332  0.6572864 0.7387592 0.8042176 0.8550632 0.8886256 0.9102696
 0.9249304 0.9359096 0.9427112 0.9478688 0.950228  0.953516  0.9547592]",0.03950617283950617,0.05
4720,16,sklearn.linear_model.LogisticRegression,91,"[0.57066518 0.65957039 0.73638341 0.80433115 0.85634543 0.88798843
 0.90264766 0.9078532  0.90903868 0.90919428 0.90920428 0.90920454
 0.90920454 0.90920454]",[ 0.09160053 -0.20052892  0.90920454  0.81707727],0,0,2.2281017076526015e-06,0.0011764697279694001,0.0020752272807917378,0.0012265895894557437,0.03183013663273172,0.04555466255820295,6,exp4,"[16, 23, 32, 45, 64, 91, 128, 181, 256, 362, 512, 724, 1024, 1620]","[0.571332  0.6572864 0.7387592 0.8042176 0.8550632 0.8886256 0.9102696
 0.9249304 0.9359096 0.9427112 0.9478688 0.950228  0.953516  0.9547592]",0.05617283950617284,0.1
4721,16,sklearn.linear_model.LogisticRegression,128,"[0.57025432 0.66053113 0.73642048 0.80320352 0.85576348 0.89036707
 0.9090136  0.91752756 0.92041408 0.92110375 0.92121029 0.92121978
 0.92122021 0.92122022]",[ 0.15136957 -0.00936378  0.92122022  0.69431143],0,0,3.3268981185644505e-06,0.0006402613716517838,0.0011248634367102763,0.0016247082112305078,0.0237153312374245,0.033538983835385894,7,exp4,"[16, 23, 32, 45, 64, 91, 128, 181, 256, 362, 512, 724, 1024, 1620]","[0.571332  0.6572864 0.7387592 0.8042176 0.8550632 0.8886256 0.9102696
 0.9249304 0.9359096 0.9427112 0.9478688 0.950228  0.953516  0.9547592]",0.07901234567901234,0.1
4722,16,sklearn.linear_model.LogisticRegression,181,"[0.56978277 0.66147552 0.73672117 0.80235834 0.85466174 0.89065543
 0.91182435 0.92300468 0.92776389 0.92935591 0.92975394 0.92982351
 0.9298314  0.92983193]",[0.23013047 0.18928273 0.92983194 0.5988584 ],0,0,4.745782608722142e-06,0.0003619227887430734,0.0006213685700227387,0.0019434239806667003,0.01810536971066316,0.02492726559458014,8,exp4,"[16, 23, 32, 45, 64, 91, 128, 181, 256, 362, 512, 724, 1024, 1620]","[0.571332  0.6572864 0.7387592 0.8042176 0.8550632 0.8886256 0.9102696
 0.9249304 0.9359096 0.9427112 0.9478688 0.950228  0.953516  0.9547592]",0.1117283950617284,0.2
4723,16,sklearn.linear_model.LogisticRegression,256,"[0.56922782 0.66246838 0.73721741 0.80172203 0.85341323 0.89005075
 0.91294961 0.92633715 0.93300722 0.9358135  0.93678199 0.93704538
 0.93709954 0.93710799]",[0.34409678 0.42777047 0.93710835 0.5132187 ],0,0,6.913803630720641e-06,0.0001850685158297412,0.0003115653104804043,0.002376421793761321,0.013046960116462402,0.01765121271982195,9,exp4,"[16, 23, 32, 45, 64, 91, 128, 181, 256, 362, 512, 724, 1024, 1620]","[0.571332  0.6572864 0.7387592 0.8042176 0.8550632 0.8886256 0.9102696
 0.9249304 0.9359096 0.9427112 0.9478688 0.950228  0.953516  0.9547592]",0.1580246913580247,0.2
4724,16,sklearn.linear_model.LogisticRegression,362,"[0.56875296 0.66324776 0.73770513 0.80138244 0.85247404 0.8892602
 0.91305154 0.92778495 0.93580584 0.93963995 0.94121922 0.94176457
 0.94191837 0.94195568]",[0.46460498 0.64712045 0.94195907 0.45330572],0,0,8.377601889541918e-06,0.00010357036943078808,0.00016393001689063395,0.0024464905891578128,0.00987853761467547,0.012803515801944165,10,exp4,"[16, 23, 32, 45, 64, 91, 128, 181, 256, 362, 512, 724, 1024, 1620]","[0.571332  0.6572864 0.7387592 0.8042176 0.8550632 0.8886256 0.9102696
 0.9249304 0.9359096 0.9427112 0.9478688 0.950228  0.953516  0.9547592]",0.2234567901234568,0.4
4725,16,sklearn.linear_model.LogisticRegression,512,"[0.56830398 0.66393485 0.73819857 0.80119401 0.85170948 0.88844334
 0.91275432 0.92841219 0.93746641 0.94218444 0.94437202 0.9452567
 0.94556339 0.94566281]",[0.60052572 0.87131705 0.94567783 0.4049941 ],0,0,9.757561683989501e-06,5.690071703847962e-05,8.274435172181566e-05,0.00257668498195958,0.0073401006709746435,0.009096392236585649,11,exp4,"[16, 23, 32, 45, 64, 91, 128, 181, 256, 362, 512, 724, 1024, 1620]","[0.571332  0.6572864 0.7387592 0.8042176 0.8550632 0.8886256 0.9102696
 0.9249304 0.9359096 0.9427112 0.9478688 0.950228  0.953516  0.9547592]",0.3160493827160494,0.4
4726,16,sklearn.linear_model.LogisticRegression,724,"[0.56798427 0.66439728 0.73856231 0.80112444 0.85123779 0.88786225
 0.91240611 0.92855979 0.93821696 0.94349358 0.94610352 0.94725329
 0.9476986  0.9478673 ]",[0.71136469 1.0422179  0.94790111 0.37463728],0,0,1.0186084877929364e-05,4.06702128880368e-05,4.7498253426771076e-05,0.002661086979910345,0.006354650104156256,0.006891897665140645,12,exp4,"[16, 23, 32, 45, 64, 91, 128, 181, 256, 362, 512, 724, 1024, 1620]","[0.571332  0.6572864 0.7387592 0.8042176 0.8550632 0.8886256 0.9102696
 0.9249304 0.9359096 0.9427112 0.9478688 0.950228  0.953516  0.9547592]",0.4469135802469136,0.8
4727,16,sklearn.linear_model.LogisticRegression,1024,"[0.56763209 0.66488391 0.7389707  0.80109873 0.85078257 0.88724163
 0.91194609 0.92852399 0.93873578 0.94455777 0.94760846 0.94905837
 0.94967752 0.94994668]",[0.84844025 1.24314368 0.9500165  0.34438713],0,0,1.1131852494311597e-05,2.316031909286772e-05,2.316031909286772e-05,0.002731051015558637,0.004812516918709764,0.004812516918709764,13,exp4,"[16, 23, 32, 45, 64, 91, 128, 181, 256, 362, 512, 724, 1024, 1620]","[0.571332  0.6572864 0.7387592 0.8042176 0.8550632 0.8886256 0.9102696
 0.9249304 0.9359096 0.9427112 0.9478688 0.950228  0.953516  0.9547592]",0.6320987654320988,0.8
4728,16,sklearn.linear_model.LogisticRegression,45,"[0.56802759 0.66552017 0.73742137 0.80062606 0.85745754 0.90770837
 0.95144101 0.9917079  1.02844759 1.06209077 1.09305101 1.12158967
 1.14798974 1.1799581 ]",[-0.16259197  4.72737138  2.53097877],3,5,2.3350760401191796e-05,0.016831624328188133,0.05071454366885378,0.004116886424066962,0.10775600982877598,0.2251988980187376,4,expp3,"[16, 23, 32, 45, 64, 91, 128, 181, 256, 362, 512, 724, 1024, 1620]","[0.571332  0.6572864 0.7387592 0.8042176 0.8550632 0.8886256 0.9102696
 0.9249304 0.9359096 0.9427112 0.9478688 0.950228  0.953516  0.9547592]",0.027777777777777776,0.05
4729,16,sklearn.linear_model.LogisticRegression,64,"[0.56837128 0.66521708 0.73682207 0.79981094 0.85643703 0.90646834
 0.9499634  0.98996143 1.02640554 1.0597298  1.09035103 1.11853479
 1.1445672  1.17603539]",[-0.16733922  4.56356508  2.51311439],1,0,1.934400059257909e-05,0.018010882160124475,0.0489631517366886,0.003721802472546232,0.11702205850870184,0.2212761888154453,5,expp3,"[16, 23, 32, 45, 64, 91, 128, 181, 256, 362, 512, 724, 1024, 1620]","[0.571332  0.6572864 0.7387592 0.8042176 0.8550632 0.8886256 0.9102696
 0.9249304 0.9359096 0.9427112 0.9478688 0.950228  0.953516  0.9547592]",0.03950617283950617,0.05
4730,16,sklearn.linear_model.LogisticRegression,91,"[0.56778282 0.66709743 0.73780847 0.79788548 0.85006635 0.89464345
 0.93217404 0.96563825 0.99521768 1.0214736  1.04490686 1.06586495
 1.08468307 1.10670696]",[-0.25729104  4.2671062   2.26791009],1,0,3.5172605982581464e-05,0.009367388667148466,0.023088122446207317,0.005276293275307042,0.08705907607445425,0.1519477622283636,6,expp3,"[16, 23, 32, 45, 64, 91, 128, 181, 256, 362, 512, 724, 1024, 1620]","[0.571332  0.6572864 0.7387592 0.8042176 0.8550632 0.8886256 0.9102696
 0.9249304 0.9359096 0.9427112 0.9478688 0.950228  0.953516  0.9547592]",0.05617283950617284,0.1
4731,16,sklearn.linear_model.LogisticRegression,128,"[0.56634785 0.67010501 0.74023305 0.79762934 0.84594878 0.88612624
 0.91916334 0.94799678 0.97297232 0.99471774 1.01376666 1.03049595
 1.04525024 1.06216821]",[-0.3150872   4.93771003  2.16461331],3,1,5.759341504939406e-05,0.005049674279957092,0.011536694495439676,0.006624626861567062,0.06534924227821068,0.1074090056533421,7,expp3,"[16, 23, 32, 45, 64, 91, 128, 181, 256, 362, 512, 724, 1024, 1620]","[0.571332  0.6572864 0.7387592 0.8042176 0.8550632 0.8886256 0.9102696
 0.9249304 0.9359096 0.9427112 0.9478688 0.950228  0.953516  0.9547592]",0.07901234567901234,0.1
4732,16,sklearn.linear_model.LogisticRegression,181,"[0.5649115  0.67304687 0.74283721 0.79821362 0.84369395 0.88073712
 0.9106653  0.93637843 0.95832639 0.9771716  0.99345988 1.00757861
 1.01987104 1.03375994]",[-0.35617907  5.58623198  2.10842236],1,3,8.31243410959873e-05,0.0029502963627893986,0.006241116236442291,0.0079205498325816,0.05086244268986634,0.07900073567026,8,expp3,"[16, 23, 32, 45, 64, 91, 128, 181, 256, 362, 512, 724, 1024, 1620]","[0.571332  0.6572864 0.7387592 0.8042176 0.8550632 0.8886256 0.9102696
 0.9249304 0.9359096 0.9427112 0.9478688 0.950228  0.953516  0.9547592]",0.1117283950617284,0.2
4733,16,sklearn.linear_model.LogisticRegression,256,"[0.56364098 0.67567025 0.74527425 0.79916699 0.84259477 0.87741811
 0.90518541 0.92876603 0.9486768  0.96559843 0.98008042 0.99251306
 1.0032352  1.01521904]",[-0.386053    6.10597427  2.07467453],7,3,0.0001055226783403242,0.0018953664010153133,0.0036553923992155165,0.009222606254366847,0.04151259210628648,0.06045984121063763,9,expp3,"[16, 23, 32, 45, 64, 91, 128, 181, 256, 362, 512, 724, 1024, 1620]","[0.571332  0.6572864 0.7387592 0.8042176 0.8550632 0.8886256 0.9102696
 0.9249304 0.9359096 0.9427112 0.9478688 0.950228  0.953516  0.9547592]",0.1580246913580247,0.2
4734,16,sklearn.linear_model.LogisticRegression,362,"[0.56247624 0.67813101 0.74762313 0.80031911 0.84211231 0.87519506
 0.90129125 0.92324287 0.94161494 0.95709889 0.97024421 0.98144096
 0.99102273 1.00163753]",[-0.41016456  6.54233063  2.05116319],2,2,0.0001277809453943209,0.0012698100303876318,0.0021975776006633763,0.009960312470242871,0.03449335634256584,0.0468783276222966,10,expp3,"[16, 23, 32, 45, 64, 91, 128, 181, 256, 362, 512, 724, 1024, 1620]","[0.571332  0.6572864 0.7387592 0.8042176 0.8550632 0.8886256 0.9102696
 0.9249304 0.9359096 0.9427112 0.9478688 0.950228  0.953516  0.9547592]",0.2234567901234568,0.4
4735,16,sklearn.linear_model.LogisticRegression,512,"[0.56146022 0.68035056 0.74977397 0.80151221 0.84201322 0.87373763
 0.89854419 0.91925095 0.93645769 0.95086184 0.96301112 0.97329392
 0.98203858 0.99165685]",[-0.42949365  6.89754952  2.03445867],1,7,0.00014688815978741306,0.0009023367067128278,0.0013614362405375805,0.010530904451988595,0.02949537959163162,0.03689764546061958,11,expp3,"[16, 23, 32, 45, 64, 91, 128, 181, 256, 362, 512, 724, 1024, 1620]","[0.571332  0.6572864 0.7387592 0.8042176 0.8550632 0.8886256 0.9102696
 0.9249304 0.9359096 0.9427112 0.9478688 0.950228  0.953516  0.9547592]",0.3160493827160494,0.4
4736,16,sklearn.linear_model.LogisticRegression,724,"[0.56496857 0.7035925  0.75597438 0.79463163 0.82726352 0.85579891
 0.88103385 0.90499574 0.927749   0.94955047 0.97061191 0.99103112
 1.0109186  1.036496  ]",[-0.03079146 14.58850623  3.25470681],3,4,0.0006642541621015068,0.004987981329198908,0.006680903881118651,0.022317797182546117,0.06956969945115032,0.08173679637176057,12,expp3,"[16, 23, 32, 45, 64, 91, 128, 181, 256, 362, 512, 724, 1024, 1620]","[0.571332  0.6572864 0.7387592 0.8042176 0.8550632 0.8886256 0.9102696
 0.9249304 0.9359096 0.9427112 0.9478688 0.950228  0.953516  0.9547592]",0.4469135802469136,0.8
4737,16,sklearn.linear_model.LogisticRegression,1024,"[0.55975894 0.68429033 0.75362948 0.80387654 0.84240027 0.87207831
 0.89496703 0.91384308 0.92935333 0.94220019 0.95292568 0.96191315
 0.96948126 0.97771216]",[-0.45959996  7.45168979  2.01184207],8,7,0.00017968459320375418,0.0005268382487228257,0.0005268382487228257,0.011474077679616194,0.022952957297978527,0.022952957297978527,13,expp3,"[16, 23, 32, 45, 64, 91, 128, 181, 256, 362, 512, 724, 1024, 1620]","[0.571332  0.6572864 0.7387592 0.8042176 0.8550632 0.8886256 0.9102696
 0.9249304 0.9359096 0.9427112 0.9478688 0.950228  0.953516  0.9547592]",0.6320987654320988,0.8
4738,16,sklearn.linear_model.LogisticRegression,45,"[0.56629399 0.66608044 0.73872447 0.8004963  0.85367811 0.89852652
 0.93578786 0.96862231 0.99737017 1.02272024 1.04526753 1.06542895
 1.08358541 1.10499098]",[2.39039392 1.42844635],0,0,2.914148320410789e-05,0.007508436901665844,0.02256958728744757,0.004397020207735303,0.07148666597005876,0.15023177855383185,4,ilog2,"[16, 23, 32, 45, 64, 91, 128, 181, 256, 362, 512, 724, 1024, 1620]","[0.571332  0.6572864 0.7387592 0.8042176 0.8550632 0.8886256 0.9102696
 0.9249304 0.9359096 0.9427112 0.9478688 0.950228  0.953516  0.9547592]",0.027777777777777776,0.05
4739,16,sklearn.linear_model.LogisticRegression,64,"[0.56601756 0.66615187 0.73904914 0.80103631 0.85440352 0.89940827
 0.9367995  0.96974842 0.99859649 1.02403493 1.04666082 1.06689252
 1.08511228 1.10659247]",[2.39872692 1.43117542],0,0,2.3495930111585232e-05,0.0085681496477417,0.023053341185424972,0.0036621630039634255,0.08055858849910108,0.15183326771635053,5,ilog2,"[16, 23, 32, 45, 64, 91, 128, 181, 256, 362, 512, 724, 1024, 1620]","[0.571332  0.6572864 0.7387592 0.8042176 0.8550632 0.8886256 0.9102696
 0.9249304 0.9359096 0.9427112 0.9478688 0.950228  0.953516  0.9547592]",0.03950617283950617,0.05
4740,16,sklearn.linear_model.LogisticRegression,91,"[0.56806036 0.66615297 0.73756389 0.79828717 0.85056624 0.89465336
 0.93128221 0.9635593  0.99181918 1.01673894 1.03890349 1.05872268
 1.07657094 1.09761316]",[2.34981783 1.415578  ],0,0,3.041250453282437e-05,0.008268486413084402,0.020407253586741437,0.004964778314291873,0.08187713704351723,0.14285395894668595,6,ilog2,"[16, 23, 32, 45, 64, 91, 128, 181, 256, 362, 512, 724, 1024, 1620]","[0.571332  0.6572864 0.7387592 0.8042176 0.8550632 0.8886256 0.9102696
 0.9249304 0.9359096 0.9427112 0.9478688 0.950228  0.953516  0.9547592]",0.05617283950617284,0.1
4741,16,sklearn.linear_model.LogisticRegression,128,"[0.5717525  0.66671862 0.73585348 0.79464134 0.84525413 0.88793608
 0.92339746 0.95464579 0.98200495 1.00613044 1.02758855 1.04677605
 1.06405544 1.08442698]",[2.27492264 1.3922574 ],0,0,6.547506916782768e-05,0.0073913217496773915,0.016813733655120466,0.006565878651449594,0.07938642986164247,0.12966778187013328,7,ilog2,"[16, 23, 32, 45, 64, 91, 128, 181, 256, 362, 512, 724, 1024, 1620]","[0.571332  0.6572864 0.7387592 0.8042176 0.8550632 0.8886256 0.9102696
 0.9249304 0.9359096 0.9427112 0.9478688 0.950228  0.953516  0.9547592]",0.07901234567901234,0.1
4742,16,sklearn.linear_model.LogisticRegression,181,"[0.57661657 0.66797434 0.73448233 0.79103648 0.83972618 0.88078637
 0.91490035 0.94496137 0.97128098 0.9944898  1.01513259 1.03359103
 1.05021387 1.06981137]",[2.18848421 1.3659454 ],0,0,0.00013169421145480095,0.006332241376383437,0.013237001420178127,0.010158558758905978,0.07492113878757593,0.11505216825500564,8,ilog2,"[16, 23, 32, 45, 64, 91, 128, 181, 256, 362, 512, 724, 1024, 1620]","[0.571332  0.6572864 0.7387592 0.8042176 0.8550632 0.8886256 0.9102696
 0.9249304 0.9359096 0.9427112 0.9478688 0.950228  0.953516  0.9547592]",0.1117283950617284,0.2
4743,16,sklearn.linear_model.LogisticRegression,256,"[0.58201469 0.66977531 0.7336646  0.78799197 0.83476455 0.87420802
 0.90697879 0.93585618 0.96113948 0.98343447 1.00326445 1.02099611
 1.03696443 1.0557903 ]",[2.10231423 1.34026427],0,0,0.00021621881593184903,0.005381222384109828,0.010207282949912614,0.01318383572495405,0.07027331188331806,0.10103109892460149,9,ilog2,"[16, 23, 32, 45, 64, 91, 128, 181, 256, 362, 512, 724, 1024, 1620]","[0.571332  0.6572864 0.7387592 0.8042176 0.8550632 0.8886256 0.9102696
 0.9249304 0.9359096 0.9427112 0.9478688 0.950228  0.953516  0.9547592]",0.1580246913580247,0.2
4744,16,sklearn.linear_model.LogisticRegression,362,"[0.58782233 0.67204342 0.73335595 0.78549221 0.83037837 0.86823103
 0.8996801  0.92739281 0.95165639 0.97305219 0.9920824  1.00909891
 1.0244232  1.04248979]",[2.01752445 1.31549046],0,0,0.00031815534102164477,0.0045362785035959,0.007696656544446039,0.015959508640725685,0.0654305748476206,0.08773059069928824,10,ilog2,"[16, 23, 32, 45, 64, 91, 128, 181, 256, 362, 512, 724, 1024, 1620]","[0.571332  0.6572864 0.7387592 0.8042176 0.8550632 0.8886256 0.9102696
 0.9249304 0.9359096 0.9427112 0.9478688 0.950228  0.953516  0.9547592]",0.2234567901234568,0.4
4745,16,sklearn.linear_model.LogisticRegression,512,"[0.59373342 0.67461533 0.73349694 0.7835661  0.82667262 0.8630245
 0.89322668 0.91984064 0.94314222 0.96368972 0.98196542 0.99830726
 1.01302398 1.03037427]",[1.9375338  1.29255102],0,0,0.0004262807093766283,0.0038568178108622417,0.005717638229900334,0.018552383793400115,0.0610674361416087,0.07561506615682045,11,ilog2,"[16, 23, 32, 45, 64, 91, 128, 181, 256, 362, 512, 724, 1024, 1620]","[0.571332  0.6572864 0.7387592 0.8042176 0.8550632 0.8886256 0.9102696
 0.9249304 0.9359096 0.9427112 0.9478688 0.950228  0.953516  0.9547592]",0.3160493827160494,0.4
4746,16,sklearn.linear_model.LogisticRegression,724,"[0.59977829 0.67746208 0.73401548 0.78210488 0.82350694 0.85842145
 0.88742942 0.91299105 0.93537127 0.95510631 0.97265938 0.98835505
 1.00248987 1.01915411]",[1.86092263 1.27096425],0,0,0.0005435173515792659,0.0032725720759362678,0.004146704507548807,0.020655784690852146,0.05668438876236215,0.06439491057178981,12,ilog2,"[16, 23, 32, 45, 64, 91, 128, 181, 256, 362, 512, 724, 1024, 1620]","[0.571332  0.6572864 0.7387592 0.8042176 0.8550632 0.8886256 0.9102696
 0.9249304 0.9359096 0.9427112 0.9478688 0.950228  0.953516  0.9547592]",0.4469135802469136,0.8
4747,16,sklearn.linear_model.LogisticRegression,1024,"[0.60558767 0.68036941 0.73481013 0.78110304 0.82095844 0.85456863
 0.88249294 0.90709966 0.92864382 0.94764161 0.96453894 0.97964827
 0.99325505 1.00929676]",[1.79140364 1.25169996],0,0,0.0006514140735378709,0.0029743452717516166,0.0029743452717516166,0.022784391807907187,0.05453755835891094,0.05453755835891094,13,ilog2,"[16, 23, 32, 45, 64, 91, 128, 181, 256, 362, 512, 724, 1024, 1620]","[0.571332  0.6572864 0.7387592 0.8042176 0.8550632 0.8886256 0.9102696
 0.9249304 0.9359096 0.9427112 0.9478688 0.950228  0.953516  0.9547592]",0.6320987654320988,0.8
4748,16,sklearn.linear_model.LogisticRegression,45,"[0.57075397 0.65900064 0.73706632 0.80477426 0.85217182 0.87573958
 0.88331233 0.88478643 0.88491487 0.88491871 0.88491873 0.88491873
 0.88491873 0.88491873]",[0.21736455 0.04710644 0.88491873],0,0,1.6121148335012111e-06,0.002626436441752154,0.004877690812156447,0.001135453196703995,0.04583629273013503,0.06984046686668444,4,expd3,"[16, 23, 32, 45, 64, 91, 128, 181, 256, 362, 512, 724, 1024, 1620]","[0.571332  0.6572864 0.7387592 0.8042176 0.8550632 0.8886256 0.9102696
 0.9249304 0.9359096 0.9427112 0.9478688 0.950228  0.953516  0.9547592]",0.027777777777777776,0.05
4749,16,sklearn.linear_model.LogisticRegression,64,"[0.57101387 0.65857514 0.73681036 0.80558701 0.85467202 0.87975602
 0.88812456 0.88983844 0.88999865 0.89000393 0.89000397 0.89000397
 0.89000397 0.89000397]",[0.22578118 0.0458411  0.89000397],0,0,1.5176674562440706e-06,0.0024320757477292294,0.004193240188438816,0.0010632597525880305,0.045675660261103715,0.06475523290390373,5,expd3,"[16, 23, 32, 45, 64, 91, 128, 181, 256, 362, 512, 724, 1024, 1620]","[0.571332  0.6572864 0.7387592 0.8042176 0.8550632 0.8886256 0.9102696
 0.9249304 0.9359096 0.9427112 0.9478688 0.950228  0.953516  0.9547592]",0.03950617283950617,0.05
4750,16,sklearn.linear_model.LogisticRegression,91,"[0.572031   0.65753742 0.73547593 0.80586822 0.85808968 0.88628175
 0.8964234  0.89872339 0.89897098 0.89898088 0.89898098 0.89898098
 0.89898098 0.89898098]",[0.24520128 0.0433102  0.89898098],0,0,4.784881106025693e-06,0.0019071098712370716,0.003111209271084345,0.0018757085634793687,0.04139627586170262,0.05577821502239333,6,expd3,"[16, 23, 32, 45, 64, 91, 128, 181, 256, 362, 512, 724, 1024, 1620]","[0.571332  0.6572864 0.7387592 0.8042176 0.8550632 0.8886256 0.9102696
 0.9249304 0.9359096 0.9427112 0.9478688 0.950228  0.953516  0.9547592]",0.05617283950617284,0.1
4751,16,sklearn.linear_model.LogisticRegression,128,"[0.57368477 0.6563908  0.73340971 0.80502203 0.86040909 0.89213035
 0.90450685 0.90764019 0.90803297 0.90805234 0.90805261 0.90805261
 0.90805261 0.90805261]",[0.26787856 0.04059365 0.90805261],0,0,1.5667563479369414e-05,0.001412830401790763,0.0021815056878346857,0.003430811768209014,0.03628389525487279,0.04670659148166012,7,expd3,"[16, 23, 32, 45, 64, 91, 128, 181, 256, 362, 512, 724, 1024, 1620]","[0.571332  0.6572864 0.7387592 0.8042176 0.8550632 0.8886256 0.9102696
 0.9249304 0.9359096 0.9427112 0.9478688 0.950228  0.953516  0.9547592]",0.07901234567901234,0.1
4752,16,sklearn.linear_model.LogisticRegression,181,"[0.57560064 0.65543353 0.73120655 0.80350513 0.86153658 0.89656926
 0.91126397 0.91536834 0.91595781 0.91599286 0.91599348 0.91599348
 0.91599348 0.91599348]",[0.28896165 0.03818106 0.91599348],0,0,3.457908287746844e-05,0.0010351169937199496,0.0015027808364635603,0.004920012090958062,0.03151136704317211,0.038765717282975176,8,expd3,"[16, 23, 32, 45, 64, 91, 128, 181, 256, 362, 512, 724, 1024, 1620]","[0.571332  0.6572864 0.7387592 0.8042176 0.8550632 0.8886256 0.9102696
 0.9249304 0.9359096 0.9427112 0.9478688 0.950228  0.953516  0.9547592]",0.1117283950617284,0.2
4753,16,sklearn.linear_model.LogisticRegression,256,"[0.57750993 0.65470891 0.72916726 0.80177651 0.86191049 0.89986261
 0.91678575 0.92192223 0.92274991 0.92280756 0.92280883 0.92280883
 0.92280883 0.92280883]",[0.30707676 0.03615009 0.92280883],0,0,6.0068561699618e-05,0.0007479448525578123,0.0010208260054383048,0.006839641077731656,0.027008064301535108,0.03195036784511729,9,expd3,"[16, 23, 32, 45, 64, 91, 128, 181, 256, 362, 512, 724, 1024, 1620]","[0.571332  0.6572864 0.7387592 0.8042176 0.8550632 0.8886256 0.9102696
 0.9249304 0.9359096 0.9427112 0.9478688 0.950228  0.953516  0.9547592]",0.1580246913580247,0.2
4754,16,sklearn.linear_model.LogisticRegression,362,"[0.57913422 0.65422358 0.72753408 0.80021608 0.8618583  0.90209875
 0.920896   0.92697389 0.92804297 0.92812694 0.92812913 0.92812914
 0.92812914 0.92812914]",[0.3209484  0.03461057 0.92812914],0,0,8.31650775722474e-05,0.0005579168560047131,0.0007091602075191732,0.00814807078201255,0.02346386516027979,0.026630062101301477,10,expd3,"[16, 23, 32, 45, 64, 91, 128, 181, 256, 362, 512, 724, 1024, 1620]","[0.571332  0.6572864 0.7387592 0.8042176 0.8550632 0.8886256 0.9102696
 0.9249304 0.9359096 0.9427112 0.9478688 0.950228  0.953516  0.9547592]",0.2234567901234568,0.4
4755,16,sklearn.linear_model.LogisticRegression,512,"[0.58052767 0.65388847 0.72620136 0.7988348  0.86160123 0.90368187
 0.92407303 0.93100412 0.93231067 0.93242352 0.93242687 0.93242689
 0.93242689 0.93242689]",[0.3319529  0.03339841 0.93242689],0,0,0.00010335308312282694,0.00042012072257527214,0.0004987320769731694,0.009212202682451124,0.020407510163862663,0.022332310157553548,11,expd3,"[16, 23, 32, 45, 64, 91, 128, 181, 256, 362, 512, 724, 1024, 1620]","[0.571332  0.6572864 0.7387592 0.8042176 0.8550632 0.8886256 0.9102696
 0.9249304 0.9359096 0.9427112 0.9478688 0.950228  0.953516  0.9547592]",0.3160493827160494,0.4
4756,16,sklearn.linear_model.LogisticRegression,724,"[0.58163158 0.65367103 0.72518839 0.79772102 0.86127866 0.90474131
 0.9263839  0.9340188  0.93553408 0.93567453 0.93567913 0.93567916
 0.93567916 0.93567916]",[0.34016757 0.03249935 0.93567916],0,0,0.0001163378884950161,0.0003411002388876427,0.00036404776627904,0.0096389078858062,0.018458435803925644,0.019080035803924478,12,expd3,"[16, 23, 32, 45, 64, 91, 128, 181, 256, 362, 512, 724, 1024, 1620]","[0.571332  0.6572864 0.7387592 0.8042176 0.8550632 0.8886256 0.9102696
 0.9249304 0.9359096 0.9427112 0.9478688 0.950228  0.953516  0.9547592]",0.4469135802469136,0.8
4757,16,sklearn.linear_model.LogisticRegression,1024,"[0.58261598 0.6535102  0.72431587 0.79671752 0.86091283 0.90555392
 0.92830274 0.9365848  0.93830192 0.93847093 0.93847693 0.93847698
 0.93847698 0.93847698]",[0.34716023 0.03173823 0.93847698],0,0,0.00012803255367122018,0.0002651106264014711,0.0002651106264014711,0.010175660377473349,0.01628221810446817,0.01628221810446817,13,expd3,"[16, 23, 32, 45, 64, 91, 128, 181, 256, 362, 512, 724, 1024, 1620]","[0.571332  0.6572864 0.7387592 0.8042176 0.8550632 0.8886256 0.9102696
 0.9249304 0.9359096 0.9427112 0.9478688 0.950228  0.953516  0.9547592]",0.6320987654320988,0.8
4758,16,sklearn.linear_model.LogisticRegression,45,"[0.57040756 0.66012871 0.73585136 0.80519966 0.86587903 0.91521151
 0.95307272 0.98286538 1.00549567 1.02242398 1.03496947 1.04418287
 1.05091866 1.05709473]",[ 1.06859771  2.63004896 -0.94969494],0,0,4.588321443645023e-06,0.00535825917454884,0.010472560862276185,0.0019141631019859162,0.06682324093777689,0.10233553079100233,4,logpower3,"[16, 23, 32, 45, 64, 91, 128, 181, 256, 362, 512, 724, 1024, 1620]","[0.571332  0.6572864 0.7387592 0.8042176 0.8550632 0.8886256 0.9102696
 0.9249304 0.9359096 0.9427112 0.9478688 0.950228  0.953516  0.9547592]",0.027777777777777776,0.05
4759,16,sklearn.linear_model.LogisticRegression,64,"[0.56949282 0.66174795 0.73665764 0.80218024 0.85655457 0.89832667
 0.92862897 0.95120016 0.9674485  0.97898948 0.98712633 0.99282111
 0.99679466 1.0002544 ]",[ 1.00577438  2.52317622 -1.06834401],0,0,6.815918190648402e-06,0.0011922526825335889,0.002069813037337258,0.0023862049433449163,0.03253020697278905,0.04549519795909518,5,logpower3,"[16, 23, 32, 45, 64, 91, 128, 181, 256, 362, 512, 724, 1024, 1620]","[0.571332  0.6572864 0.7387592 0.8042176 0.8550632 0.8886256 0.9102696
 0.9249304 0.9359096 0.9427112 0.9478688 0.950228  0.953516  0.9547592]",0.03950617283950617,0.05
4760,16,sklearn.linear_model.LogisticRegression,91,"[0.56845453 0.66296945 0.73796798 0.80176105 0.85301651 0.89105793
 0.91772661 0.93694254 0.95033323 0.95955032 0.96585421 0.97013783
 0.97304191 0.97549068]",[ 0.9790585   2.48841283 -1.1446859 ],0,0,9.55713462960269e-06,0.0002778034123255706,0.00042979422111656527,0.0027145545645448723,0.01611056605295791,0.020731478990090535,6,logpower3,"[16, 23, 32, 45, 64, 91, 128, 181, 256, 362, 512, 724, 1024, 1620]","[0.571332  0.6572864 0.7387592 0.8042176 0.8550632 0.8886256 0.9102696
 0.9249304 0.9359096 0.9427112 0.9478688 0.950228  0.953516  0.9547592]",0.05617283950617284,0.1
4761,16,sklearn.linear_model.LogisticRegression,128,"[0.56759265 0.66371016 0.73903084 0.80210939 0.85188041 0.88811111
 0.91302686 0.93064754 0.94270375 0.95085632 0.9563369  0.95999905
 0.96244134 0.96446325]",[ 0.96726463  2.47760517 -1.18908271],0,0,1.1109026973499551e-05,6.94573504567867e-05,9.416860115619517e-05,0.002713930896974121,0.008217849041385481,0.009704050760182326,7,logpower3,"[16, 23, 32, 45, 64, 91, 128, 181, 256, 362, 512, 724, 1024, 1620]","[0.571332  0.6572864 0.7387592 0.8042176 0.8550632 0.8886256 0.9102696
 0.9249304 0.9359096 0.9427112 0.9478688 0.950228  0.953516  0.9547592]",0.07901234567901234,0.1
4762,16,sklearn.linear_model.LogisticRegression,181,"[0.56692125 0.66415168 0.73980084 0.80258141 0.85159083 0.8868602
 0.91083984 0.92761129 0.93896203 0.94655668 0.95160988 0.95495264
 0.95716003 0.95896742]",[ 0.96139831  2.47434627 -1.21598861],0,0,1.1629406507849468e-05,1.5235175369818484e-05,1.770907956319379e-05,0.002805345044415458,0.0038693138383631607,0.004208215722036335,8,logpower3,"[16, 23, 32, 45, 64, 91, 128, 181, 256, 362, 512, 724, 1024, 1620]","[0.571332  0.6572864 0.7387592 0.8042176 0.8550632 0.8886256 0.9102696
 0.9249304 0.9359096 0.9427112 0.9478688 0.950228  0.953516  0.9547592]",0.1117283950617284,0.2
4763,16,sklearn.linear_model.LogisticRegression,256,"[0.56657171 0.66433306 0.74017143 0.8028693  0.85159308 0.88648607
 0.91009459 0.92652826 0.93759854 0.94497195 0.94985626 0.95307333
 0.95518869 0.9569125 ]",[ 0.95920177  2.47385657 -1.22764086],0,0,1.0909306717295381e-05,4.918303258284902e-06,4.6367195222447e-06,0.0026265506113751285,0.0021839076760615584,0.0021533043264352347,9,logpower3,"[16, 23, 32, 45, 64, 91, 128, 181, 256, 362, 512, 724, 1024, 1620]","[0.571332  0.6572864 0.7387592 0.8042176 0.8550632 0.8886256 0.9102696
 0.9249304 0.9359096 0.9427112 0.9478688 0.950228  0.953516  0.9547592]",0.1580246913580247,0.2
4764,16,sklearn.linear_model.LogisticRegression,362,"[0.56632518 0.66443619 0.74041426 0.80308455 0.85165425 0.88633424
 0.90972941 0.9259676  0.93687509 0.94411996 0.94890615 0.95205025
 0.95411226 0.95578771]",[ 0.95799561  2.47395615 -1.23478729],0,0,1.0136640128085773e-05,1.4525096301830905e-06,1.0578229747526743e-06,0.002459666768848223,0.001121091154953957,0.0010285052137702921,10,logpower3,"[16, 23, 32, 45, 64, 91, 128, 181, 256, 362, 512, 724, 1024, 1620]","[0.571332  0.6572864 0.7387592 0.8042176 0.8550632 0.8886256 0.9102696
 0.9249304 0.9359096 0.9427112 0.9478688 0.950228  0.953516  0.9547592]",0.2234567901234568,0.4
4765,16,sklearn.linear_model.LogisticRegression,512,"[0.56621906 0.6644727  0.7405122  0.80317908 0.8516957  0.88629864
 0.90961537 0.92578116 0.93662812 0.94382509 0.94857468 0.95169155
 0.95373365 0.95539104]",[ 0.95756867  2.47411228 -1.23755073],0,0,9.281679619184756e-06,8.628595626084763e-07,3.992279039813295e-07,0.0022571364657228473,0.0007710141851374382,0.0006318448416987588,11,logpower3,"[16, 23, 32, 45, 64, 91, 128, 181, 256, 362, 512, 724, 1024, 1620]","[0.571332  0.6572864 0.7387592 0.8042176 0.8550632 0.8886256 0.9102696
 0.9249304 0.9359096 0.9427112 0.9478688 0.950228  0.953516  0.9547592]",0.3160493827160494,0.4
4766,16,sklearn.linear_model.LogisticRegression,724,"[0.56608019 0.66451283 0.7406335  0.80330325 0.85176208 0.88627711
 0.90950302 0.92558441 0.93636055 0.94350134 0.94820794 0.9512928
 0.95331148 0.95494766]",[ 0.95708971  2.47441061 -1.24088193],0,0,8.638041909148385e-06,3.8671463819051215e-08,3.551584510033167e-08,0.002081843581359664,0.0001964865927213122,0.000188456480653576,12,logpower3,"[16, 23, 32, 45, 64, 91, 128, 181, 256, 362, 512, 724, 1024, 1620]","[0.571332  0.6572864 0.7387592 0.8042176 0.8550632 0.8886256 0.9102696
 0.9249304 0.9359096 0.9427112 0.9478688 0.950228  0.953516  0.9547592]",0.4469135802469136,0.8
4767,16,sklearn.linear_model.LogisticRegression,1024,"[0.5660981  0.66450841 0.74061857 0.80328729 0.85175251 0.88627769
 0.90951423 0.92560557 0.93639008 0.94353753 0.94824923 0.9513379
 0.95335937 0.95499806]",[ 0.95714435  2.474364   -1.24047911],0,0,7.976041383782712e-06,5.7056245961480995e-08,5.7056245961480995e-08,0.0019452698572378123,0.000238864492885571,0.000238864492885571,13,logpower3,"[16, 23, 32, 45, 64, 91, 128, 181, 256, 362, 512, 724, 1024, 1620]","[0.571332  0.6572864 0.7387592 0.8042176 0.8550632 0.8886256 0.9102696
 0.9249304 0.9359096 0.9427112 0.9478688 0.950228  0.953516  0.9547592]",0.6320987654320988,0.8
